customer name,JobTitle,customer e-mail,country,gender,age,BasePay,OvertimePay,OtherPay,Benefits,TotalPay,TotalPayBenefits,credit card debt,net worth,car purchase amount
Martina Avila,GENERAL MANAGER-METROPOLITAN TRANSIT AUTHORITY,cubilia.Curae.Phasellus@quisaccumsanconvallis.edu,Bulgaria,0,42,167411.18,0,400184.25,,567595.43,567595.43,11609.38091,238961.2505,35321.45877
Harlan Barnes,CAPTAIN III (POLICE DEPARTMENT),eu.dolor@diam.co.uk,Belize,0,41,155966.02,245131.88,137811.38,,538909.28,538909.28,9572.957136,530973.9078,45115.52566
Naomi Rodriquez,CAPTAIN III (POLICE DEPARTMENT),vulputate.mauris.sagittis@ametconsectetueradipiscing.co.uk,Algeria,1,43,212739.13,106088.18,16452.6,,335279.91,335279.91,11160.35506,638467.1773,42925.70921
Jade Cunningham,WIRE ROPE CABLE MAINTENANCE MECHANIC,malesuada@dignissim.com,Cook Islands,1,58,77916,56120.71,198306.9,,332343.61,332343.61,14426.16485,548599.0524,67422.36313
Cedric Leach,"DEPUTY CHIEF OF DEPARTMENT,(FIRE DEPARTMENT)",felis.ullamcorper.viverra@egetmollislectus.net,Brazil,1,57,134401.6,9737,182234.59,,326373.19,326373.19,5358.712177,560304.0671,55915.46248
Carla Hester,ASSISTANT DEPUTY CHIEF II,mi@Aliquamerat.edu,Liberia,1,57,118602,8601,189082.74,,316285.74,316285.74,14179.47244,428485.3604,56611.99784
Griffin Rivera,"BATTALION CHIEF, (FIRE DEPARTMENT)",vehicula@at.co.uk,Syria,1,47,92492.01,89062.9,134426.14,,315981.05,315981.05,5958.460188,326373.1812,28925.70549
Orli Casey,DEPUTY DIRECTOR OF INVESTMENTS,nunc.est.mollis@Suspendissetristiqueneque.co.uk,Czech Republic,1,50,256576.96,0,51322.5,,307899.46,307899.46,10985.69656,629312.4041,47434.98265
Marny Obrien,"BATTALION CHIEF, (FIRE DEPARTMENT)",Phasellus@sedsemegestas.org,Armenia,0,47,176932.64,86362.68,40132.23,,303427.55,303427.55,3440.823799,630059.0274,48013.6141
Rhonda Chavez,"CHIEF OF DEPARTMENT, (FIRE DEPARTMENT)",nec@nuncest.com,Somalia,1,43,285262,0,17115.73,,302377.73,302377.73,12884.07868,476643.3544,38189.50601
Jerome Rowe,"ASSISTANT CHIEF OF DEPARTMENT, (FIRE DEPARTMENT)",ipsum.cursus@dui.org,Sint Maarten,1,50,194999.39,71344.88,33149.9,,299494.17,299494.17,8270.707359,612738.6171,59045.51309
Akeem Gibson,CAPTAIN III (POLICE DEPARTMENT),turpis.egestas.Fusce@purus.edu,Greenland,1,53,99722,87082.62,110804.3,,297608.92,297608.92,10014.96929,293862.5123,42288.81046
Quin Smith,EXECUTIVE CONTRACT EMPLOYEE,nulla@ipsum.edu,Nicaragua,0,44,294580.02,0,0,,294580.02,294580.02,10218.32092,430907.1673,28700.0334
Tatum Moon,DEPARTMENT HEAD V,Cras.sed.leo@Seddiamlorem.ca,"Palestine, State of",0,48,271329.03,0,21342.59,,292671.62,292671.62,9466.995128,420322.0702,49258.87571
Sharon Sharpe,"BATTALION CHIEF, (FIRE DEPARTMENT)",eget.metus@aaliquetvel.co.uk,United Arab Emirates,0,55,174872.64,74050.3,37424.11,,286347.05,286347.05,10597.63814,146344.8965,49510.03356
Thomas Williams,"COMMANDER III, (POLICE DEPARTMENT)",aliquet.molestie@ut.org,Gabon,1,53,198778.01,73478.2,13957.65,,286213.86,286213.86,11326.03434,481433.4324,53017.26723
Blaine Bender,DEPARTMENT HEAD V,ultrices.posuere.cubilia@pedenonummyut.net,Tokelau,0,45,268604.57,0,16115.86,,284720.43,284720.43,11495.54999,370356.2223,41814.72067
Stephen Lindsey,"CAPTAIN, EMERGENCYCY MEDICAL SERVICES",erat.eget.ipsum@tinciduntpede.org,Portugal,1,48,140546.87,119397.26,18625.08,,278569.21,278569.21,12514.52029,549443.5886,43901.71244
Sloane Mann,"BATTALION CHIEF, (FIRE DEPARTMENT)",at.augue@augue.net,Chad,1,52,168692.63,69626.12,38115.47,,276434.22,276434.22,7377.820914,431098.9998,44633.99241
Athena Wolf,ASSISTANT MEDICAL EXAMINER,volutpat.Nulla.facilisis@primis.ca,Iraq,0,59,257510.59,880.16,16159.5,,274550.25,274550.25,13272.94647,566022.1306,54827.52403
Blythe Romero,ASSISTANT MEDICAL EXAMINER,Sed.eu@risusNuncac.co.uk,Sudan,1,52,257510.48,0,16679.79,,274190.27,274190.27,11878.03779,480588.2345,51130.95379
Zelenia Byers,ASSISTANT MEDICAL EXAMINER,auctor.non@sapien.co.uk,Angola,0,48,257510.44,377.21,15883.56,,273771.21,273771.21,10905.36628,307226.0977,43402.31525
Nola Wiggins,"CAPTAIN, FIRE SUPPRESSION",Aliquam@augue.edu,Nigeria,1,46,140546.88,93200.58,39955.25,,273702.71,273702.71,7698.552234,497526.4566,47240.86004
Micah Wheeler,"BATTALION CHIEF, (FIRE DEPARTMENT)",arcu.eu@tincidunt.org,Madagascar,1,47,168692.63,77896.14,24083.86,,270672.63,270672.63,11960.85377,688466.0503,46635.49432
Caryn Hendrix,"CAPTAIN, FIRE SUPPRESSION",condimentum.Donec@duiCum.com,Macedonia,0,40,140546.86,97868.77,31909.28,,270324.91,270324.91,8125.598993,499086.3442,45078.40193
Hedda Miranda,CHIEF OF POLICE,scelerisque@magnased.com,Oman,0,53,256470.41,0,11522.18,,267992.59,267992.59,17805.57607,429440.3297,44387.58412
Ulric Lynn,"CAPTAIN, FIRE SUPPRESSION",sociis@vulputateveliteu.com,Colombia,0,28,92080.8,40008,133695.76,,265784.56,265784.56,13102.15805,315775.3207,37161.55393
Alma Pope,"BATTALION CHIEF, (FIRE DEPARTMENT)",Nunc.mauris.Morbi@turpis.org,Namibia,0,56,168692.59,80706.88,16063.99,,265463.46,265463.46,14270.00731,341691.9337,49091.97185
Gemma Hendrix,DEPUTY CHIEF III (POLICE DEPARTMENT),lobortis@non.co.uk,Denmark,1,46,261717.6,0,2357,,264074.6,264074.6,17452.92179,188032.0778,58350.31809
Castor Wood,"DEPUTY CHIEF OF DEPARTMENT,(FIRE DEPARTMENT)",velit.Pellentesque@Nulla.net,Dominican Republic,1,40,246225.6,0,15140.54,,261366.14,261366.14,12522.94052,583230.976,43994.35972
Herman Stevenson,EXECUTIVE CONTRACT EMPLOYEE,sociosqu.ad.litora@erat.com,Costa Rica,1,33,234325.02,0,25972.64,,260297.66,260297.66,9371.511071,319837.6593,17584.56963
Adrienne Bolton,DEPUTY CHIEF III (POLICE DEPARTMENT),dictum@magnaPraesent.ca,Botswana,1,40,254027.63,0,5899.48,,259927.11,259927.11,13417.02027,486069.073,44650.36073
Dahlia Cleveland,DEPARTMENT HEAD V,tincidunt.tempus@idsapien.co.uk,Saint Pierre and Miquelon,1,51,248895.7,0,10789.18,,259684.88,259684.88,8092.475103,655934.4666,66363.89316
Keane Browning,"INSPECTOR III, (POLICE DEPARTMENT)",Curabitur@acipsumPhasellus.co.uk,France,0,51,104861.39,50227.61,103499.39,,258588.39,258588.39,11417.30952,487435.964,53489.46214
Quon Hull,"BATTALION CHIEF, (FIRE DEPARTMENT)",nascetur.ridiculus.mus@dignissim.co.uk,Senegal,0,46,177781.25,59924.97,20658,,258364.22,258364.22,7988.753685,215673.5384,39810.34817
Coby Charles,ELECTRONIC MAINTENANCE TECHNICIAN,nec@dolornonummyac.com,Cambodia,0,51,101953.2,139102.95,16483.94,,257540.09,257540.09,12252.73058,612242.7755,51612.14311
Amery Cortez,"ADMINISTRATOR, SFGH MEDICAL CENTER",semper.et.lacinia@Morbiquisurna.ca,Suriname,1,50,245124.44,0,12000,,257124.44,257124.44,7405.534271,430624.8142,38978.67458
Uriel Bradshaw,"INSPECTOR III, (POLICE DEPARTMENT)",ultrices@Integersemelit.com,Turkey,1,22,110661.2,31162.04,111446.2,,253269.44,253269.44,10917.14094,326742.7352,10092.22509
Fredericka Sanders,LIEUTENANT III (POLICE DEPARTMENT),Curabitur@Infaucibus.ca,Ethiopia,0,51,132202.26,52648.92,67083.83,,251935.01,251935.01,8838.759509,213040.9606,35928.52404
Christopher Stevens,"BATTALION CHIEF, (FIRE DEPARTMENT)",blandit.enim@lacusvariuset.org,French Guiana,1,48,147158.85,64985.85,39540.46,,251685.16,251685.16,4499.921096,379749.9152,54823.19221
Rachel Ashley,"BATTALION CHIEF, (FIRE DEPARTMENT)",tincidunt.tempus.risus@posuerecubiliaCurae.co.uk,Turkey,0,42,168692.66,60847.56,21055.17,,250595.39,250595.39,9183.327621,513340.0097,45805.67186
Lael Wright,"BATTALION CHIEF, (FIRE DEPARTMENT)",a@consequatpurusMaecenas.com,Bhutan,1,46,168692.63,59760.9,21954.96,,250408.49,250408.49,12491.01273,410655.9947,41567.47033
Ryder Shaffer,"DEPUTY CHIEF OF DEPARTMENT,(FIRE DEPARTMENT)",Phasellus.dapibus.quam@inhendrerit.ca,Georgia,0,38,218930.76,4078,27330.59,,250339.35,250339.35,13338.32852,348833.8403,28031.20985
Eric Noel,FIREFIGHTER,lacinia.at.iaculis@Fuscefermentumfermentum.edu,Mozambique,1,39,123013.02,111729.65,15575.26,,250317.93,250317.93,10816.8855,299734.1278,27815.73813
Tamara Guy,NURSING SUPERVISOR PSYCHIATRIC,nec.eleifend@orci.org,Nauru,1,61,196081.86,0,54040.18,,250122.04,250122.04,14245.53319,497950.2933,68678.4352
Quincy Bell,MAYOR,in@Duisgravida.co.uk,Timor-Leste,0,55,249375.02,0,0,,249375.02,249375.02,10155.34095,853913.8532,68925.09447
Lee Taylor,"BATTALION CHIEF, (FIRE DEPARTMENT)",Vivamus.nisi.Mauris@miAliquam.co.uk,Djibouti,1,42,168692.64,66199.23,14401.43,,249293.3,249293.3,11675.28496,320228.6451,34215.7615
Kenneth Pope,DEPARTMENT HEAD V,vitae.sodales.at@molestiearcuSed.org,Argentina,0,51,248895.77,0,0,,248895.77,248895.77,2230.096344,158979.7102,37843.46619
Reese Vance,DEPUTY CHIEF III (POLICE DEPARTMENT),egestas@malesuadavelvenenatis.com,Taiwan,1,41,233867.6,0,14851.04,,248718.64,248718.64,7094.896557,390312.1715,37883.24231
Quon Carroll,"LIEUTENANT, FIRE DEPARTMENT",sodales@pharetra.com,Åland Islands,0,40,137729.92,89856.01,20848.46,,248434.39,248434.39,7915.758178,527420.7269,48734.35708
Magee Davidson,"BATTALION CHIEF, (FIRE DEPARTMENT)",Quisque@tempor.net,Turks and Caicos Islands,1,41,168692.59,58084.86,20477.16,,247254.61,247254.61,11023.00268,451846.1995,27187.23914
Leilani Gross,DEPARTMENT HEAD V,dignissim@mollisDuissit.org,Samoa,0,56,246305.62,0,0,,246305.62,246305.62,12378.54089,779925.7892,63738.39065
Morgan William,"CAPTAIN, FIRE SUPPRESSION",sociis.natoque.penatibus@uterat.ca,Vanuatu,0,46,140546.87,77937.25,26203.69,,244687.81,244687.81,7813.602657,455609.1429,48266.75516
Francesca Cervantes,"CAPTAIN, FIRE SUPPRESSION",leo@sitametdapibus.edu,Mongolia,1,37,140546.88,73207.61,28988.36,,242742.85,242742.85,11216.88676,583523.0762,46381.13111
Rafael Peterson,"CAPTAIN, EMERGENCYCY MEDICAL SERVICES",lectus.a.sollicitudin@tortorat.net,Sri Lanka,1,52,140546.89,82428.76,18310.77,,241286.42,241286.42,1851.979839,353757.5057,31978.9799
Roanna Knox,DEPUTY CHIEF III (POLICE DEPARTMENT),dolor.nonummy@metusurnaconvallis.net,Guinea-Bissau,0,57,226206.8,0,15004.37,,241211.17,241211.17,6998.46562,438067.7506,48100.29052
Marny Vargas,DEPARTMENT HEAD V,nonummy.Fusce.fermentum@ligula.org,Egypt,1,34,240731.93,0,114.37,,240846.3,240846.3,7772.444847,468238.7915,47380.91224
Charlotte Waller,ASSISTANT DEPUTY CHIEF II,odio@Nuncac.org,Slovenia,1,43,217410.8,0,22608.3,,240019.1,240019.1,11331.20447,636407.1148,41425.00116
Dorian Hernandez,INCIDENT SUPPORT SPECIALIST,conubia.nostra.per@diam.co.uk,Benin,1,50,115381.02,105028.94,19016.4,,239426.36,239426.36,7592.019748,409419.5797,38147.81018
Armando Hensley,ANESTHETIST,Class.aptent@torquentper.com,Cape Verde,1,42,214745.44,9161.31,14972.45,,238879.2,238879.2,9976.434857,286062.5162,32737.80177
Rowan Kidd,"LIEUTENANT, FIRE DEPARTMENT",sapien.Aenean.massa@adipiscing.ca,Paraguay,1,42,123105,99584.94,16113.62,,238803.56,238803.56,7829.565502,615765.9289,37348.13737
Gwendolyn Rice,CAPTAIN III (POLICE DEPARTMENT),Duis@metusIn.com,Laos,0,42,102571.24,7437,128543.64,,238551.88,238551.88,4225.328117,476088.3996,47483.85316
Gareth Morris,"CAPTAIN, EMERGENCYCY MEDICAL SERVICES",est.Nunc.laoreet@nullavulputatedui.edu,Iceland,0,55,140546.86,80411.9,17542.29,,238501.05,238501.05,9842.842611,242495.9886,49730.53339
Sawyer Carney,"BATTALION CHIEF, (FIRE DEPARTMENT)",erat.Sed@Phasellus.ca,Iceland,0,53,168692.62,54342.28,15444.38,,238479.28,238479.28,15189.08845,246321.8916,40093.61981
Raya Shields,LIEUTENANT III (POLICE DEPARTMENT),tincidunt.aliquam@orciluctuset.com,Viet Nam,0,53,148970.43,66977.63,21889.67,,237837.73,237837.73,9046.182396,456634.2073,42297.5062
Olga Serrano,CAPTAIN III (POLICE DEPARTMENT),risus@urnasuscipitnonummy.edu,Marshall Islands,0,43,185369.69,37873.61,14465.53,,237708.83,237708.83,6841.540577,662176.4851,52954.93121
Yuli Craig,"ASSISTANT CHIEF OF DEPARTMENT, (FIRE DEPARTMENT)",lobortis.quis.pede@Seddiam.com,Germany,0,55,177914.76,36644.57,22785.08,,237344.41,237344.41,11785.87919,301026.2206,48104.11184
Lev Kramer,"CAPTAIN, FIRE SUPPRESSION",eu.odio@tristique.org,Kyrgyzstan,1,43,139167.39,66596.28,31070.15,,236833.82,236833.82,8634.376791,573054.3808,43680.91327
Nissim Acosta,DEPUTY CHIEF III (POLICE DEPARTMENT),enim@at.net,Mauritius,1,57,122974,0,113226.92,,236200.92,236200.92,10886.91711,662382.6623,52707.96816
Miranda Berry,INCIDENT SUPPORT SPECIALIST,lorem@necmauris.ca,Gambia,1,52,115455.44,104632.95,14776.81,,234865.2,234865.2,13685.88702,356553.3996,49392.8897
Owen Jacobson,DISTRICT ATTORNEY,ac.orci@Etiamimperdietdictum.edu,"Palestine, State of",1,45,220983.12,0,13864.99,,234848.11,234848.11,11350.49408,230728.3008,30841.00154
Marvin Becker,"BATTALION CHIEF, (FIRE DEPARTMENT)",congue.elit@vestibulumneceuismod.ca,Reunion,0,56,92782.61,5477.62,135684.25,,233944.48,233944.48,5627.803654,411831.0371,49373.37555
Davis Scott,"ELECTRICAL TRANSIT MECHANIC, ASSISTANT SUPERVISOR",neque@variusultricesmauris.edu,Jordan,0,41,95770.8,118949.93,18743.9,,233464.63,233464.63,10676.21884,481335.3582,41903.65171
Matthew Colon,PORT DIRECTOR,facilisis@Nullainterdum.edu,Slovakia,1,48,233357.28,0,0,,233357.28,233357.28,4630.544424,473845.8546,45058.8969
Quinlan Harris,"INSPECTOR III, (POLICE DEPARTMENT)",libero.nec@adipiscing.org,Kiribati,1,56,130457.88,51864.26,50380.44,,232702.58,232702.58,13000.41369,355157.6417,52991.52667
Hedley Greene,"INSPECTOR III, (POLICE DEPARTMENT)",eleifend@felis.org,United States Minor Outlying Islands,0,47,85578.61,42878.01,104030.1,,232486.72,232486.72,15791.61176,506986.9824,50958.08115
Orson Kirby,"BATTALION CHIEF, (FIRE DEPARTMENT)",cursus@nectellus.co.uk,Puerto Rico,1,53,174872.64,16876.74,40258.39,,232007.77,232007.77,16732.30638,344916.1768,41357.17897
Adria Mathis,"LIEUTENANT, BUREAU OF FIRE PREVENTION AND PUBLIC S",Aliquam.rutrum.lorem@Donec.net,Guinea,1,57,73754.05,18679.06,139279.69,,231712.8,231712.8,8740.723093,309113.0627,44434.71917
Peter Stout,"CAPTAIN, FIRE SUPPRESSION",dictum.mi.ac@semperrutrumFusce.com,Guam,0,39,140546.88,62283.7,28821.55,,231652.13,231652.13,10059.55406,278799.6958,38502.42392
Cleo Moore,"BATTALION CHIEF, (FIRE DEPARTMENT)",pede.et@Sedeu.com,China,0,45,168692.62,35096.74,27802.89,,231592.25,231592.25,861.8166529,540805.494,41221.24918
Cally Montoya,SENIOR PHYSICIAN SPECIALIST,sit@pedeCum.ca,Sierra Leone,1,33,172529.08,0,58776.96,,231306.04,231306.04,6147.918843,441527.0144,38399.46139
Ila Farrell,"LIEUTENANT, FIRE DEPARTMENT",lacus@velit.edu,Sint Maarten,1,44,122272.69,90593.53,18238.75,,231104.97,231104.97,9522.576495,523251.2663,41456.68097
Abel Stanton,"BATTALION CHIEF, (FIRE DEPARTMENT)",eu.lacus.Quisque@congue.edu,Ecuador,1,40,168692.62,41158.72,21055.17,,230906.51,230906.51,9724.031647,407401.3776,30394.82494
Reed Roman,GENERAL MANAGER-METROPOLITAN TRANSIT AUTHORITY,laoreet.libero@laoreetlectus.com,Anguilla,0,40,230827.12,0,0,,230827.12,230827.12,5449.471997,409293.2658,42384.05128
September Puckett,"CAPTAIN, EMERGENCYCY MEDICAL SERVICES",tincidunt@consequatpurusMaecenas.net,Kazakhstan,1,37,217410.8,0,13216.41,,230627.21,230627.21,9565.830875,386128.1333,39002.0771
Teegan Barr,FIRE FIGHTER PARAMEDIC,non.lorem.vitae@eratVivamus.org,Jersey,1,40,122404.98,92767.41,15371.07,,230543.46,230543.46,9719.192898,245664.3652,19553.2739
Alexander York,"BATTALION CHIEF, (FIRE DEPARTMENT)",eu.odio.Phasellus@ipsumporta.edu,Ecuador,1,44,150464.82,49813.69,30180.49,,230459,230459,11024.02643,496856.4912,45167.32542
Jared Green,MANAGER VII,laoreet@sagittis.edu,Macao,0,43,96814.36,0,133563.47,,230377.83,230377.83,11041.17891,448601.9484,36019.9556
Eagan Woodward,TRANSIT SUPERVISOR,varius.et@Maecenas.edu,Indonesia,1,58,88062,135159.38,7018.6,,230239.98,230239.98,4204.920492,388498.5102,50937.93844
Ferdinand Weber,"INSPECTOR, BUREAU OF FIRE PREVENTION AND PUBLIC SA",metus.Vivamus@vitaeposuere.org,Suriname,1,32,138878.82,31843.34,59427.12,,230149.28,230149.28,14261.80773,579181.6552,12895.71468
Kitra Kerr,"BATTALION CHIEF, (FIRE DEPARTMENT)",scelerisque@Vivamusnon.co.uk,Palau,1,50,188842.37,21453.59,18764.67,,229060.63,229060.63,8244.470226,173079.1798,38955.21919
Desirae Stone,CAPTAIN III (POLICE DEPARTMENT),Morbi.sit@Aliquamfringilla.ca,Ghana,1,59,102722.4,7437,118456.21,,228615.61,228615.61,9871.403591,536665.0464,51221.04249
Len Phillips,"CAPTAIN, FIRE SUPPRESSION",libero.lacus@Suspendisseseddolor.net,Cameroon,1,42,149362.84,51847.45,27303.11,,228513.4,228513.4,13865.09055,259049.2824,25971.95673
Yen Santana,CAPTAIN III (POLICE DEPARTMENT),ornare.facilisis@ornarelibero.ca,Myanmar,0,50,215914.03,0,12293.83,,228207.86,228207.86,10562.90377,635512.3606,60670.33672
Martina Fuentes,"BATTALION CHIEF, (FIRE DEPARTMENT)",elit@nequeIn.com,Senegal,1,53,168692.62,33191.6,25434.68,,227318.9,227318.9,11794.73914,398746.8458,54075.12064
Ariana Nash,MANAGER VIII,vel.turpis.Aliquam@consequatpurus.edu,Central African Republic,1,47,215180.76,0,12000,,227180.76,227180.76,11030.2654,391848.6041,40004.87142
Glenna Graham,ANESTHETIST,sodales@maurisSuspendisse.com,Bolivia,0,46,208925.6,5539.3,12615.6,,227080.5,227080.5,13872.5667,479586.9387,61593.52058
Holmes Lane,"BATTALION CHIEF, (FIRE DEPARTMENT)",ac.orci@accumsaninterdum.co.uk,Laos,1,43,168692.67,35402.71,22261.95,,226357.33,226357.33,8870.714301,165866.2,39503.38829
Emerald Hamilton,FIRE FIGHTER PARAMEDIC,sit.amet.orci@facilisis.edu,Egypt,0,49,122404.98,86719.38,15315.61,,224439.97,224439.97,5831.118245,515084.1891,52474.71839
Gage Marquez,DEPUTY DIRECTOR II - MUNICIPAL TRANSPORTATION AG,malesuada.vel@dictum.co.uk,Guam,0,43,224035.85,0,0,,224035.85,224035.85,16767.2636,759479.4596,42187.6828
Travis Burks,"BATTALION CHIEF, (FIRE DEPARTMENT)",dictum@liberolacusvarius.ca,Namibia,1,53,168692.65,33656.87,21502.83,,223852.35,223852.35,5189.083564,706977.053,57441.44414
Otto Oneill,"LIEUTENANT, FIRE DEPARTMENT",arcu.Morbi.sit@elementum.ca,Mozambique,1,36,123105,84547.16,16054.24,,223706.4,223706.4,11811.25253,242292.92,22681.71667
Brian Mathews,FIREFIGHTER,vulputate.mauris.sagittis@orciluctus.com,Bhutan,1,30,105934.69,98534.35,18890.96,,223360,223360,7357.787011,404457.3099,33640.73697
Ralph Rich,TRANSIT SUPERVISOR,et@tellus.edu,Tuvalu,0,37,88400.7,126778.88,7228.67,,222408.25,222408.25,14562.64194,537744.1324,31540.77868
Yasir Tyler,FIREFIGHTER,pharetra.sed.hendrerit@adipiscinglobortisrisus.edu,Qatar,0,48,105934.64,97395.59,18760.77,,222091,222091,10614.85449,891439.8761,60461.24268
Dominic Mcintosh,FIREFIGHTER,Cras.vehicula@nibhPhasellusnulla.net,Venezuela,0,44,110474.93,83670.04,27043.61,,221188.58,221188.58,6280.929547,296972.4085,45738.3343
Tanner Ward,"BATTALION CHIEF, (FIRE DEPARTMENT)",diam@orciUt.ca,Togo,0,42,149362.86,35003.5,36682.96,,221049.32,221049.32,12416.84845,450402.2932,34803.82395
Wing Gray,NURSING SUPERVISOR,urna.nec@tempusscelerisquelorem.org,Nepal,1,50,188708,0,32080.36,,220788.36,220788.36,7335.524826,386057.421,34642.6024
Lionel Mcclure,NURSING SUPERVISOR,odio.auctor.vitae@placeratorcilacus.edu,Saudi Arabia,1,30,188708,0,32080.36,,220788.36,220788.36,10366.50326,323453.2022,27586.71854
Wing Parks,FIREFIGHTER,sagittis@magnased.ca,San Marino,1,42,105934.67,96154.33,18655.85,,220744.85,220744.85,9010.648633,778537.2095,54973.02495
Oleg Gordon,ANESTHETIST,Nunc.sollicitudin.commodo@blanditat.co.uk,Saint Lucia,1,46,206057.69,3431.01,10921.33,,220410.03,220410.03,9656.806156,386287.0208,49142.51174
Jamal Stephenson,POLICE OFFICER III,lorem.lorem@in.edu,Vanuatu,1,55,63811.18,57966.33,98578.97,,220356.48,220356.48,12887.54899,416540.299,58840.53964
Kadeem Larsen,DEPUTY DIRECTOR II - MUNICIPAL TRANSPORTATION AG,ornare.lectus.ante@lectusNullam.net,United Arab Emirates,0,44,220115.22,0,237,,220352.22,220352.22,1696.989764,562605.0655,57306.32866
Todd Maldonado,NURSING SUPERVISOR,dui.semper.et@aultricies.net,Solomon Islands,0,58,188708,0,31572.3,,220280.3,220280.3,11211.72016,565932.1861,51941.6756
Victor Yang,TRANSIT SUPERVISOR,arcu.Vivamus.sit@egestasSed.com,Andorra,1,42,88400.7,119951.72,11893.84,,220246.26,220246.26,7903.103591,238529.6336,30240.60975
Quamar Cummings,SHERIFF'S LIEUTENANT,mauris@convallisconvallisdolor.co.uk,Falkland Islands,1,57,121628.34,89920.21,8383.77,,219932.32,219932.32,13258.46631,659279.2011,67120.89878
Dominic Hughes,DEPUTY DIRECTOR V,cursus.vestibulum.Mauris@pedenonummy.com,Nepal,1,43,219804.34,0,0,,219804.34,219804.34,6039.594519,325701.4083,42408.02625
Lamar Hensley,SUPERVISING PHYSICIAN SPECIALIST,erat@pedeac.co.uk,Japan,0,35,191054.19,0,28658.16,,219712.35,219712.35,12719.64415,244310.5736,41451.71843
Solomon Atkinson,"BATTALION CHIEF, (FIRE DEPARTMENT)",Aliquam@laoreet.net,Israel,0,43,150432.85,42365.89,25995.01,,218793.75,218793.75,14250.52398,790526.5507,42592.88647
Dean Snider,NURSING SUPERVISOR,tempus@sit.ca,Christmas Island,0,35,179648,0,39029.76,,218677.76,218677.76,10008.76797,573052.0119,34521.17618
Vernon Kidd,"CAPTAIN, FIRE SUPPRESSION",sapien.imperdiet.ornare@vitaeerat.edu,Macedonia,1,34,140546.88,52095.06,25564.1,,218206.04,218206.04,8493.098575,411070.4828,42213.69644
Dolan Clayton,ANESTHETIST,justo@est.ca,Liechtenstein,0,48,203658.55,4759.36,9561.44,,217979.35,217979.35,12416.79083,408147.0405,41913.53713
Marvin Deleon,FIRE FIGHTER PARAMEDIC,lectus.Nullam@congueelitsed.ca,Mayotte,1,53,122594,79721.87,15646.15,,217962.02,217962.02,4820.839445,692401.4668,59416.18101
Merrill Bailey,NURSING SUPERVISOR,natoque.penatibus@nislsem.net,Ecuador,0,47,188889.44,0,28921.31,,217810.75,217810.75,7248.54142,588570.8903,51402.61506
Adrian Brock,TRANSIT SUPERVISOR,Cras.lorem@nonvestibulumnec.net,Benin,0,54,88062,126725.82,2784.61,,217572.43,217572.43,7329.22851,586368.9293,54755.42038
Rigel Craft,CAPTAIN III (POLICE DEPARTMENT),diam.eu.dolor@Proin.com,Liechtenstein,0,51,185369.68,27321.83,4651.44,,217342.95,217342.95,2620.079459,407733.5229,47143.44008
Chaim Lewis,ANESTHETIST,luctus@ut.org,Liberia,0,59,192170.93,11260.27,13712.8,,217144,217144,10077.49592,651215.6435,64391.68906
Kyle Evans,"BATTALION CHIEF, (FIRE DEPARTMENT)",magnis@vitaenibh.org,Saint Kitts and Nevis,0,49,168692.63,22432.91,25855.73,,216981.27,216981.27,6206.922109,53366.13861,37252.55194
Ulysses Craig,"CAPTAIN, FIRE SUPPRESSION",sit.amet@orci.ca,Laos,1,51,140546.85,58354.29,17823.03,,216724.17,216724.17,8458.749819,167031.5554,52665.36511
Nolan Nixon,"LIEUTENANT, FIRE DEPARTMENT",arcu@etultricesposuere.co.uk,Iraq,0,40,123105,77259.53,16054.2,,216418.73,216418.73,13860.43821,567357.0264,44001.20706
Oren Rosario,"LIEUTENANT, BUREAU OF FIRE PREVENTION AND PUBLIC S",ultrices.Vivamus.rhoncus@lacusMauris.net,Slovenia,1,53,158603.68,0,57667.12,,216270.8,216270.8,18361.24915,339207.2774,51551.67997
Hector Bowers,"CAPTAIN, FIRE SUPPRESSION",eget@Morbiquisurna.co.uk,Maldives,1,45,141648.87,43574.57,30952.65,,216176.09,216176.09,8088.344365,291360.0291,38243.66481
Tate Molina,DEPARTMENT HEAD IV,erat@sitamet.ca,Qatar,0,45,215799.48,0,0,,215799.48,215799.48,12507.19736,271430.0543,39766.64804
Julian Alexander,LIEUTENANT III (POLICE DEPARTMENT),Integer.id.magna@consequatenimdiam.co.uk,Guinea,0,37,149044.93,4836.87,61531.43,,215413.23,215413.23,14871.36126,502946.8819,40077.57289
Lucian Medina,"BATTALION CHIEF, (FIRE DEPARTMENT)",rutrum@temporbibendum.com,Aruba,0,43,166203.84,28448.6,20744.06,,215396.5,215396.5,9026.061543,362564.346,33131.52734
Todd Bass,"LIEUTENANT, FIRE DEPARTMENT",Lorem.ipsum.dolor@et.edu,Lebanon,0,48,123416.25,66447.73,25491.13,,215355.11,215355.11,14720.53399,701782.528,48622.66097
Mannix Snow,FORENSIC TOXICOLOGIST,elit@euismodenim.net,Monaco,0,49,182368.79,0,32949.41,,215318.2,215318.2,9851.578109,580950.3967,47693.23482
Benedict Serrano,DEPUTY DIRECTOR V,blandit.viverra@mollisDuis.co.uk,Falkland Islands,1,48,215180.75,0,0,,215180.75,215180.75,7583.753853,401955.501,39410.4616
Yoshio Potter,CONFIDENTIAL CHIEF ATTORNEY II (CIVIL & CRIMINAL),fringilla.cursus.purus@dolorvitae.ca,Martinique,1,45,213907.72,0,1080.96,,214988.68,214988.68,12348.67783,293999.9427,33428.40183
Stone Koch,CONFIDENTIAL CHIEF ATTORNEY II (CIVIL & CRIMINAL),facilisis.Suspendisse@Duissit.ca,Guadeloupe,1,43,213907.72,0,1080.96,,214988.68,214988.68,6062.60136,510039.1484,32700.27871
Elliott Horne,CONFIDENTIAL CHIEF ATTORNEY II (CIVIL & CRIMINAL),sollicitudin.adipiscing.ligula@Sedeu.co.uk,San Marino,0,62,213907.72,0,1080.96,,214988.68,214988.68,14392.28833,560593.416,62864.43011
Tanner Johnson,"LIEUTENANT, FIRE DEPARTMENT",blandit.at@vulputateullamcorpermagna.org,Kiribati,1,46,123105,74266.87,17583.73,,214955.6,214955.6,6994.617316,174525.8426,29425.83001
Gabriel Carson,SERGEANT III (POLICE DEPARTMENT),et@venenatis.co.uk,Equatorial Guinea,0,51,130481.53,2433.29,82029.92,,214944.74,214944.74,12860.65824,260269.0963,44418.60955
Cain Love,FIREFIGHTER,est.mollis.non@placerat.com,South Africa,1,44,105934.63,96611.56,12306.26,,214852.45,214852.45,4397.947571,262959.2506,36645.5609
Barry Larsen,"COMMANDER III, (POLICE DEPARTMENT)",Praesent.eu.dui@bibendumsed.com,Wallis and Futuna,0,57,206438.88,0,8377.03,,214815.91,214815.91,6181.970908,316064.0338,53655.53859
Lawrence Ryan,"CAPTAIN, EMERGENCYCY MEDICAL SERVICES",condimentum@duilectus.co.uk,Tunisia,0,60,140546.63,53209.03,20429.43,,214185.09,214185.09,15164.87506,254617.2609,45977.12502
Allen Burke,NURSING SUPERVISOR,eu.ultrices@In.edu,Pakistan,1,39,183040,0,31116.8,,214156.8,214156.8,12296.34158,510811.3695,38504.39444
Nero Morgan,FIREFIGHTER,non.sapien@seddictumeleifend.edu,Bahrain,0,61,105934.69,90329.62,17596.3,,213860.61,213860.61,12758.89583,581497.8874,47935.9394
Reuben Holden,SENIOR PHYSICIAN SPECIALIST,pede.nonummy@Vivamusnonlorem.co.uk,Macedonia,1,50,167070.08,0,46665.54,,213735.62,213735.62,10799.1381,378357.9385,60222.22672
Orson Hyde,NURSING SUPERVISOR,gravida.sit@eget.net,Djibouti,1,37,183040,0,30619.46,,213659.46,213659.46,15796.31838,375889.6381,38930.55234
Nolan Conner,FIREFIGHTER,feugiat@felisNulla.org,Bolivia,1,45,105934.64,89485.44,18117.8,,213537.88,213537.88,13686.96935,85520.85055,27810.21814
Stuart Reed,"BATTALION CHIEF, (FIRE DEPARTMENT)",elementum@SeddictumProin.net,Serbia,1,50,181502.08,0,31449.4,,212951.48,212951.48,11347.62967,633383.4925,47604.34591
Rashad Harper,"BATTALION CHIEF, (FIRE DEPARTMENT)",auctor@arcuimperdiet.ca,Timor-Leste,0,32,173842.63,1210.13,37804.9,,212857.66,212857.66,8132.073716,562663.8116,42356.6895
Dieter Delaney,"CAPTAIN, EMERGENCYCY MEDICAL SERVICES",sit.amet.risus@ipsum.ca,Peru,0,34,140546.88,54054.41,18236.44,,212837.73,212837.73,9396.008371,475126.1252,31300.54347
Hop Farley,DEPUTY SHERIFF,in@et.co.uk,Austria,1,45,86840,112320.96,13544.56,,212705.52,212705.52,14862.84011,449895.3046,42369.64247
Darius Herring,LIEUTENANT III (POLICE DEPARTMENT),imperdiet@sem.edu,"Palestine, State of",0,50,149050.69,57364.23,6235.28,,212650.2,212650.2,5088.239017,20000,31837.22537
Baker Saunders,SERGEANT III (POLICE DEPARTMENT),Aliquam.nisl@hendreritidante.org,Lithuania,0,51,82235.56,43352.6,86590.93,,212179.09,212179.09,5316.010491,216355.3406,26499.31418
Kermit Fuentes,"COMMANDER III, (POLICE DEPARTMENT)",ac@sedpedeCum.org,Curaçao,0,53,182134.81,18574.4,11000.84,,211710.05,211710.05,6940.056371,191168.4476,38172.83602
Marvin Garner,"COMMANDER III, (POLICE DEPARTMENT)",in@sed.org,Djibouti,0,34,198778,0,12818.24,,211596.24,211596.24,7594.363993,543789.7212,39433.40631
Sebastian Marks,DEPUTY DIRECTOR II - MUNICIPAL TRANSPORTATION AG,et.eros@feugiatmetussit.net,Zimbabwe,0,56,210821.61,0,0,,210821.61,210821.61,10992.33383,363561.1972,37714.31659
Hector Price,TRANSIT SUPERVISOR,Aliquam.nisl@semegetmassa.co.uk,Martinique,1,57,88062,111199.78,11373.58,,210635.36,210635.36,14938.50613,352507.9012,57125.41541
Holmes Irwin,FIRE FIGHTER PARAMEDIC,Nunc.sed.orci@Namligulaelit.net,Mauritius,1,48,122404.98,72836.43,15336.91,,210578.32,210578.32,9851.689538,368344.0637,46453.34819
Trevor Faulkner,MANAGER VIII,ut@vitaesodales.net,Uganda,0,40,207501.2,0,2903.37,,210404.57,210404.57,13122.45694,411045.8332,43855.06077
Gannon Nguyen,SERGEANT III (POLICE DEPARTMENT),et.rutrum.eu@congue.net,Kenya,0,50,130457.96,6284.61,73334.31,,210076.88,210076.88,14421.48298,517480.0937,55592.70383
Quentin Randall,FIRE FIGHTER PARAMEDIC,Fusce.aliquet@egetmassa.co.uk,Macao,0,47,116603.33,78532.26,14753.88,,209889.47,209889.47,7146.192574,445745.5544,42484.02283
Baker Norton,FIREFIGHTER,convallis@purus.net,Jersey,1,39,105934.67,87642.33,16228.64,,209805.64,209805.64,8707.511532,399124.4489,40879.19107
Hakeem Mendoza,TRANSIT SUPERVISOR,Maecenas@scelerisquelorem.ca,Kuwait,1,36,90094.2,111323.49,8344.75,,209762.44,209762.44,12071.41684,97706.89181,20653.21409
Peter Maynard,FIREFIGHTER,vel.est.tempor@egetvenenatisa.com,Guinea,1,44,105934.65,89773.95,14007.96,,209716.56,209716.56,13167.65763,473101.0273,35438.80549
Devin Humphrey,NURSE MANAGER,sodales.Mauris@ametornare.ca,Greece,0,47,161044,4599.05,43997.82,,209640.87,209640.87,921.5340234,405550.1689,36112.79346
Isaiah Harding,"INSPECTOR III, (POLICE DEPARTMENT)",pede.blandit@disparturient.net,Bouvet Island,1,33,130481.56,45597.19,33307.68,,209386.43,209386.43,13923.96207,315183.5688,38182.30465
Graiden Powell,"LIEUTENANT, FIRE DEPARTMENT",pellentesque.tellus@faucibusidlibero.com,Thailand,1,42,123105.02,67899.46,18300.05,,209304.53,209304.53,12557.08133,362707.0273,41026.02421
Chancellor Padilla,SERGEANT III (POLICE DEPARTMENT),pharetra@nuncsedlibero.edu,Bahamas,1,47,130457.88,47342.41,31413.52,,209213.81,209213.81,11505.89906,255922.473,27889.95197
Philip Barnes,"CAPTAIN, FIRE SUPPRESSION",senectus.et.netus@nibhDonecest.net,Latvia,0,40,60373.82,25046.44,123649.73,,209069.99,209069.99,7917.65097,416817.4673,43724.4896
Cameron Cash,"LIEUTENANT, FIRE DEPARTMENT",auctor@ipsum.org,Hong Kong,1,54,135651.04,56307.38,17085.77,,209044.19,209044.19,7500.778414,278181.8354,57430.76903
Eric Green,ELECTRICAL TRANSIT SYSTEM MECHANIC,arcu.vel.quam@magnaPraesentinterdum.co.uk,French Polynesia,0,38,77580.4,115239.98,16089.38,,208909.76,208909.76,13962.95284,498441.5687,41104.07108
Tanek Koch,"LIEUTENANT, FIRE DEPARTMENT",blandit@nunc.org,Sierra Leone,0,40,133769.86,56093.64,18879.06,,208742.56,208742.56,4701.316175,613706.5421,49050.85378
Alan Browning,SENIOR PHYSICIAN SPECIALIST,purus@Sed.ca,Åland Islands,1,45,175345.85,0,33357.87,,208703.72,208703.72,4980.668295,357639.0334,41265.52929
Phelan Montoya,MANAGER VIII,magna.tellus.faucibus@etmalesuadafames.co.uk,Yemen,0,51,200385.64,0,8000,,208385.64,208385.64,12413.0319,546630.5284,64545.16339
Chancellor Patel,FIRE FIGHTER PARAMEDIC,metus.eu.erat@suscipitnonummy.com,Heard Island and Mcdonald Islands,1,38,122405,68861.18,17071.3,,208337.48,208337.48,10221.15388,427011.4954,29052.09521
Palmer Cohen,CITY ATTORNEY,non.leo@mollis.net,"Virgin Islands, British",1,34,208243.12,0,0,,208243.12,208243.12,9837.222432,340663.3261,30719.8156
Ahmed Wright,ELECTRICAL TRANSIT SYSTEM MECHANIC,consectetuer@auctorodio.com,Singapore,1,50,77580.36,119407.7,11220.57,,208208.63,208208.63,8628.434025,211765.2494,38763.11306
Burton Carroll,MARINE ENGINEER OF FIRE BOATS,rhoncus.id.mollis@Maurisvel.org,Algeria,0,42,140546.85,47122.83,20353.22,,208022.9,208022.9,11417.46257,415005.3584,39331.20127
Nero Miranda,MANAGER VIII,semper@vulputateposuere.net,Bhutan,1,33,207874.94,0,0,,207874.94,207874.94,6904.420412,478422.7973,32608.45468
Ali Strong,ANESTHETIST,dis.parturient.montes@eratvel.com,Wallis and Futuna,1,56,189853.68,7060.31,10941.53,,207855.52,207855.52,11431.22966,613242.1668,58045.56257
Nasim Ryan,"BATTALION CHIEF, (FIRE DEPARTMENT)",est.congue.a@convalliserat.net,Cocos (Keeling) Islands,0,57,63878.03,24586.55,119351.05,,207815.63,207815.63,9810.75269,350157.8394,54387.27727
August Duncan,MANAGER VIII,tempor.bibendum@Nuncpulvinar.co.uk,Saint Martin,1,37,207798.79,0,0,,207798.79,207798.79,7171.466112,322905.4592,36638.20688
Kieran Gilliam,NURSING SUPERVISOR PSYCHIATRIC,ac.nulla@consectetueripsumnunc.co.uk,Bolivia,0,51,177528,0,30179.76,,207707.76,207707.76,5205.008323,520997.2385,39522.13129
Stone Hunt,"LIEUTENANT, BUREAU OF FIRE PREVENTION AND PUBLIC S",convallis.erat@eratvel.org,Northern Mariana Islands,0,63,158603.6,2605.95,46493.65,,207703.2,207703.2,9683.735879,251702.1158,42978.34626
Malachi Henson,DEPARTMENT HEAD IV,adipiscing.elit@Nunc.com,Croatia,1,53,207699.73,0,0,,207699.73,207699.73,5817.153854,623033.482,60865.76396
Seth Massey,SENIOR PHYSICIAN SPECIALIST,in.aliquet@fermentumvel.com,Jordan,1,51,173937.49,0,33362.65,,207300.14,207300.14,2418.86434,615672.4681,46380.44732
Ulric Robles,SERGEANT III (POLICE DEPARTMENT),fringilla@ornare.edu,Malta,1,48,130434.29,47465.62,29377.94,,207277.85,207277.85,9181.06743,335652.6234,56579.90338
Gannon Marquez,NURSING SUPERVISOR PSYCHIATRIC,Aliquam@porttitor.net,Mauritania,1,41,178526.48,0,28694.26,,207220.74,207220.74,12026.57975,462613.8587,42774.35579
Marshall Armstrong,"INSPECTOR III, (POLICE DEPARTMENT)",ipsum.cursus.vestibulum@a.com,Guyana,0,39,130457.96,43329.66,33299.41,,207087.03,207087.03,6445.784981,298246.0609,37879.65385
Christian Huffman,"CAPTAIN, FIRE SUPPRESSION",dignissim.Maecenas@tinciduntnuncac.co.uk,Laos,0,45,140546.87,47465.92,18963.02,,206975.81,206975.81,10027.53449,543313.3454,45208.42539
Gil Sanders,SENIOR PHYSICIAN SPECIALIST,eu.ultrices@cursuset.net,Haiti,0,70,174597.67,0,32202.61,,206800.28,206800.28,12438.85648,346555.1716,56229.4127
Otto Thomas,FIREFIGHTER,orci.tincidunt.adipiscing@erat.edu,Cocos (Keeling) Islands,0,51,105934.66,84172.44,16662.29,,206769.39,206769.39,9347.50353,474763.4696,50455.11935
Moses Blackburn,CHIEF ATTORNEY I (CIVIL & CRIMINAL),et.malesuada.fames@musProin.edu,Madagascar,0,51,206752,0,0,,206752,206752,5969.666602,232607.3907,49721.31082
Drake Chen,"CAPTAIN, BUREAU OF FIRE PREVENTION AND PUBLIC SAFE",enim.commodo@consequatenimdiam.com,Faroe Islands,0,42,187237.53,743.34,18723.76,,206704.63,206704.63,15467.78745,587010.5521,31696.99679
Christian Hernandez,FIREFIGHTER,dolor@vehiculaPellentesque.co.uk,Kyrgyzstan,1,50,105934.67,82170.36,18597.33,,206702.36,206702.36,9465.090098,629764.2743,49220.0218
Jelani F. Pace,ANESTHETIST,Morbi@atarcuVestibulum.co.uk,Saint Barthélemy,1,40,190352.67,4455.28,11712.14,,206520.09,206520.09,3657.863218,664431.3966,46188.83514
Tiger I. Melton,FIREFIGHTER,rhoncus@nisl.net,Israel,1,44,105934.66,85454.77,14971.71,,206361.14,206361.14,8920.385015,347017.8331,36086.93161
Quail D. Horne,FIREFIGHTER,sit.amet@FuscemollisDuis.org,Uganda,0,52,105934.67,71960.12,28447.45,,206342.24,206342.24,7793.073201,322150.3542,43264.04965
Hammett A. Manning,"CAPTAIN, FIRE SUPPRESSION",sapien.cursus.in@netus.edu,Samoa,1,41,127203,53146.41,25508.48,,205857.89,205857.89,11544.93385,275389.0701,40660.38317
Lamar V. Guthrie,NURSE MANAGER,vel@arcuVestibulumante.com,Heard Island and Mcdonald Islands,0,57,165996.75,8054.01,31660.13,,205710.89,205710.89,14817.70896,607395.0183,51683.60859
Abra D. Golden,FIREFIGHTER,odio@Duis.com,Poland,0,54,105934.7,82132.06,17637.54,,205704.3,205704.3,15353.25774,152012.353,44525.02085
Vaughan L. Mathis,MANAGER VIII,eu@iaculis.org,Bhutan,1,50,205609.58,0,0,,205609.58,205609.58,11302.88277,490444.4111,48518.90163
Alfreda V. Harrell,SERGEANT III (POLICE DEPARTMENT),molestie@mi.net,Algeria,1,37,130434.23,4461.66,70568.42,,205464.31,205464.31,16305.78907,619707.4203,45805.30588
Nora X. Decker,FIRE FIGHTER PARAMEDIC,non.enim@diam.org,Congo (Brazzaville),0,52,124894,65886.39,14410.33,,205190.72,205190.72,8491.586154,571564.7901,54850.38742
Jeanette Q. Leach,"INSPECTOR III, (POLICE DEPARTMENT)",vitae@nisl.net,Liechtenstein,0,43,130466.56,43708.28,30690.37,,204865.21,204865.21,8884.11069,491193.3773,32478.44758
Keiko O. Whitaker,"BATTALION CHIEF, (FIRE DEPARTMENT)",est@porttitortellus.com,Timor-Leste,0,52,25400,37100.14,142094.49,,204594.63,204594.63,9686.119304,261152.8211,42209.28948
Hector F. Leblanc,"BATTALION CHIEF, (FIRE DEPARTMENT)",Curabitur@maurisaliquameu.net,Guernsey,0,64,149362.85,20253.61,34958.63,,204575.09,204575.09,11672.72382,299854.2186,55125.93237
Emerald R. Cohen,CAPTAIN III (POLICE DEPARTMENT),in.consequat.enim@consectetuer.edu,Sao Tome and Principe,0,51,188341.62,0,16206.24,,204547.86,204547.86,3247.887523,371240.2413,47984.42062
Cathleen E. Ortega,"CAPTAIN, FIRE SUPPRESSION",lectus@aliquamenim.org,Ghana,0,55,176371.35,7654,20392.43,,204417.78,204417.78,11207.01556,465709.8937,43405.89086
Velma K. Moses,FIREFIGHTER,augue.scelerisque@luctuslobortis.com,Guam,1,47,105934.65,82384.96,15962.27,,204281.88,204281.88,10743.793,196421.7402,44577.44829
Lael W. Sheppard,CAPTAIN III (POLICE DEPARTMENT),eu.metus@sodalespurusin.net,Armenia,1,36,188348.55,5720.22,10173.43,,204242.2,204242.2,12998.47232,396793.4734,37744.54285
Indigo P. Dejesus,"LIEUTENANT, FIRE DEPARTMENT",quam.Pellentesque.habitant@felis.com,Cocos (Keeling) Islands,0,39,122820.36,66083.91,15329.64,,204233.91,204233.91,8737.20319,478853.3217,47805.25605
Quinlan S. Cantu,TRANSIT SUPERVISOR,pede.Praesent.eu@Aliquam.net,French Polynesia,1,45,89078.11,114105.85,773.7,,203957.66,203957.66,8728.916803,279393.491,44846.68557
Mariam I. Montgomery,FIREFIGHTER,vel.mauris@accumsanneque.co.uk,Grenada,1,47,105934.65,86551.38,11374.31,,203860.34,203860.34,14088.90642,383693.2041,46643.26581
Pamela M. Cantu,FIRE FIGHTER PARAMEDIC,posuere.enim.nisl@lectusNullam.ca,China,0,47,122405,65829.32,15551.54,,203785.86,203785.86,9832.05731,830430.3692,56563.98675
Hanna C. Martinez,MANAGER VIII,Maecenas.mi.felis@amet.co.uk,Saint Kitts and Nevis,0,60,203450,0,0,,203450,203450,10756.60888,112127.2567,41673.44617
Lynn S. Avery,NURSING SUPERVISOR,dui.Suspendisse.ac@Sedegetlacus.net,Venezuela,1,59,184914.8,0,18491.47,,203406.27,203406.27,13444.89631,331460.4727,61118.46947
Laurel H. Snow,FIREFIGHTER,dui.Suspendisse.ac@tacitisociosqu.org,Andorra,1,36,105934.66,76867.18,20458.49,,203260.33,203260.33,20000,335809.6171,37303.56701
Keegan Q. Ramirez,ELECTRICAL TRANSIT SHOP SUPERVISOR I,aliquet@volutpatNulla.edu,Yemen,0,47,111770,61316.86,30020.72,,203107.58,203107.58,12066.26571,509543.0859,46892.26617
Shad K. Hancock,ASSISTANT DEPUTY CHIEF II,sit.amet@Proin.org,United States,1,38,109667.03,13707.84,79648.18,,203023.05,203023.05,13501.92659,761935.5177,56457.74038
Harding E. York,POLICE OFFICER I,quis.lectus.Nullam@egestas.org,French Polynesia,1,42,63625.16,41441.44,97799.84,,202866.44,202866.44,10835.25736,620522.3842,45509.69732
Indira A. Aguilar,CAPTAIN III (POLICE DEPARTMENT),erat.Sed.nunc@aneque.ca,"Virgin Islands, United States",1,33,188341.6,2258.63,12252.44,,202852.67,202852.67,4295.225339,539365.9366,27625.44144
Bell K. Romero,FIRE FIGHTER PARAMEDIC,non.sapien.molestie@rhoncus.edu,Saint Pierre and Miquelon,1,39,122418.3,64862.06,15443.68,,202724.04,202724.04,9624.908869,565814.725,46389.50237
Cassady L. Foreman,FIREFIGHTER,magna.Suspendisse@tincidunt.edu,Marshall Islands,0,39,105934.64,79964.69,16824.25,,202723.58,202723.58,9631.974905,74257.82785,29002.05665
Samson N. Wagner,POLICE OFFICER II,magna@sagittisaugueeu.org,Saint Barthélemy,1,55,110242.81,16939.01,75533.1,,202714.92,202714.92,10813.75655,234159.0793,51355.7106
Wade O. Diaz,ASSISTANT DEPUTY CHIEF II,vel.sapien.imperdiet@dolorsit.co.uk,Greece,0,45,183500.8,0,18933.1,,202433.9,202433.9,13421.36821,358615.9327,42011.19965
Len B. Finley,DEPARTMENT HEAD IV,dis@dis.edu,Greenland,1,51,202426.74,0,0,,202426.74,202426.74,5011.615145,563498.6636,52654.40455
Emerald U. Hanson,DEPUTY SHERIFF,dui.quis.accumsan@pedeCrasvulputate.co.uk,United Arab Emirates,0,49,86840,102118.8,13390.01,,202348.81,202348.81,6922.152838,48620.32123,44432.71747
Cody G. Gill,FIRE FIGHTER PARAMEDIC,sagittis.Nullam@acrisus.com,Puerto Rico,1,46,139580.96,33418.92,29333.37,,202333.25,202333.25,16127.56619,494985.5363,46054.60253
Kyle R. Kaufman,"LIEUTENANT, FIRE DEPARTMENT",Morbi.vehicula@mattis.org,Israel,1,53,123105,63856.44,15365.21,,202326.65,202326.65,9536.899689,545946.9996,58235.41454
Drake D. Gray,"LIEUTENANT, FIRE DEPARTMENT",orci.consectetuer@porttitor.com,Mauritania,1,39,123105,56654.78,22564.64,,202324.42,202324.42,17462.07506,734443.6969,42990.29255
Honorato M. Butler,FIREFIGHTER,Cum.sociis.natoque@purus.ca,Sao Tome and Principe,1,43,110638.66,65587.13,26005.7,,202231.49,202231.49,14709.65824,568947.7487,50702.18103
Tate C. Foster,NURSING SUPERVISOR,dignissim.magna@Maurisvel.edu,Viet Nam,1,70,172916.55,0,29240.55,,202157.1,202157.1,6810.555606,252220.2937,47009.57741
Zelenia L. Lowe,FIRE FIGHTER PARAMEDIC,Nunc.mauris.elit@Curabiturvel.edu,Bermuda,0,51,122404.99,65069.19,14539,,202013.18,202013.18,4198.839128,513974.6812,49399.97041
Callum U. Sweet,FIRE FIGHTER PARAMEDIC,sem.ut@odio.edu,Equatorial Guinea,0,52,122404.99,72093.79,7497.84,,201996.62,201996.62,7437.211028,168703.3385,42997.16761
Zane I. Boone,CAPTAIN III (POLICE DEPARTMENT),blandit@Cum.edu,Bahrain,1,45,188341.64,1109.1,12252.7,,201703.44,201703.44,632.0528524,455589.7973,44434.98419
Timothy J. Terrell,CAPTAIN III (POLICE DEPARTMENT),orci@lobortis.com,Laos,0,48,188341.62,1068.45,12211.62,,201621.69,201621.69,8233.280719,492113.0067,46325.50959
Zahir A. Estes,"CAPTAIN, FIRE SUPPRESSION",eleifend.vitae@Pellentesquehabitantmorbi.ca,Norfolk Island,1,48,127886.02,57579.25,16112.43,,201577.7,201577.7,9242.775995,586717.4715,46846.7305
Michelle W. Ryan,LIEUTENANT III (POLICE DEPARTMENT),ante.lectus@duiCum.net,Italy,0,48,149044.63,46800.24,5506.27,,201351.14,201351.14,9653.26498,333543.693,56499.10202
Serena B. Moody,NURSING SUPERVISOR PSYCHIATRIC,vitae.risus.Duis@hymenaeos.edu,French Guiana,1,57,183040,0,18304,,201344,201344,9399.342975,466988.2602,42773.75905
Mark V. Vaughn,POLICE OFFICER III,Morbi.vehicula@ac.net,Israel,1,46,112441.8,17715.27,71120.05,,201277.12,201277.12,7903.33495,418764.5061,52313.98392
Anjolie A. Galloway,NURSING SUPERVISOR,consequat.nec.mollis@nec.ca,Marshall Islands,0,44,177343.5,0,23901.42,,201244.92,201244.92,10461.98276,249182.7848,34139.6373
Kylee O. Warner,"LIEUTENANT, BUREAU OF FIRE PREVENTION AND PUBLIC S",cursus.in@neque.co.uk,China,1,65,158603.6,3242.47,39271.71,,201117.78,201117.78,5025.365518,284991.7415,60763.24731
MacKenzie O. Fowler,NURSE MANAGER,Aliquam.nec.enim@nec.co.uk,Saint Barthélemy,0,57,171236.03,0,29584.32,,200820.35,200820.35,4684.556433,720423.8157,66158.69494
Lana S. Pace,CAPTAIN III (POLICE DEPARTMENT),augue@orci.com,Cape Verde,1,47,196061.3,0,4749.91,,200811.21,200811.21,5699.184814,124979.0501,31215.6421
Wilma L. Stevenson,FIRE FIGHTER PARAMEDIC,non.vestibulum@consectetuer.ca,Sao Tome and Principe,0,36,122404.99,71862.8,6407.34,,200675.13,200675.13,9823.218967,632600.4718,46135.27233
Sandra J. Huber,DEPARTMENT HEAD IV,enim@famesac.org,Benin,0,57,200515.38,0,0,,200515.38,200515.38,10474.44187,623487.5952,56973.18105
Octavius C. Spencer,ANESTHETIST,Curabitur.consequat@miDuisrisus.com,Bangladesh,0,33,187094.56,2341.63,11051.55,,200487.74,200487.74,12024.48457,133226.0617,24184.07443
Brendan G. Kelley,CAPTAIN III (POLICE DEPARTMENT),vel@lorem.org,Venezuela,1,43,188341.61,0,12119.4,,200461.01,200461.01,7039.540023,610942.1408,49079.61942
Shaeleigh M. Mckenzie,CAPTAIN III (POLICE DEPARTMENT),diam.lorem.auctor@estmollisnon.net,Christmas Island,1,46,188341.6,0,12119.37,,200460.97,200460.97,18693.14652,316906.6441,37093.92033
Rooney R. Padilla,FIREFIGHTER,eu.turpis@accumsansed.co.uk,Philippines,0,45,105934.65,76726.73,17713.43,,200374.81,200374.81,15436.79968,308445.8598,43401.56612
Damon K. Boone,NURSE MANAGER,nec@ad.net,French Southern Territories,1,43,171236.02,0,29110.14,,200346.16,200346.16,7631.687821,152883.3519,29092.1311
Taylor A. Patel,SENIOR PHYSICIAN SPECIALIST,erat.vitae.risus@temporarcu.edu,Jamaica,1,38,169197.16,0,31139.57,,200336.73,200336.73,5614.004976,573441.9724,48349.16457
Lillith H. Larsen,CAPTAIN III (POLICE DEPARTMENT),dignissim.lacus.Aliquam@maurissapien.com,Thailand,1,40,188341.84,1134.34,10799.25,,200275.43,200275.43,6887.248301,134188.4492,33261.00057
Tobias L. Sullivan,SERGEANT I (POLICE DEPARTMENT),tempus.non@nasceturridiculus.ca,Poland,1,43,123214.31,4729.13,72242.52,,200185.96,200185.96,6130.305181,426488.7459,41327.16554
Quincy Q. Ayers,"CAPTAIN, FIRE SUPPRESSION",nisl.Nulla@Donecelementumlorem.net,Belarus,0,42,140546.9,33196.91,26432.87,,200176.68,200176.68,12024.72511,575500.7687,49336.11628
Ulysses X. Burch,"CAPTAIN, FIRE SUPPRESSION",Sed.nunc.est@arcuMorbi.edu,Kyrgyzstan,0,51,140441.9,41438.62,18050.61,,199931.13,199931.13,13658.34201,286849.7875,51405.55229
Jorden I. Whitley,CAPTAIN III (POLICE DEPARTMENT),turpis@orci.com,Italy,0,38,188314.54,0,11547.94,,199862.48,199862.48,5827.820346,479685.9824,31249.98803
Heather G. Goodwin,SPECIAL ASSISTANT XXII,semper.egestas@maurissapien.co.uk,Uganda,1,41,199765.74,0,0,,199765.74,199765.74,14822.79645,336867.7147,43598.96993
Yardley W. Jacobson,POLICE OFFICER III,enim.non.nisi@Ut.net,Saint Pierre and Miquelon,1,54,112421.46,14978.42,72362.09,,199761.97,199761.97,10128.76114,613372.8917,48300.02057
Gray F. Walker,DEPUTY DIRECTOR IV,lobortis.Class.aptent@iaculis.com,Turkmenistan,0,45,184386.79,0,15366.99,,199753.78,199753.78,7787.204492,589669.6573,54013.47595
Piper S. Houston,NURSING SUPERVISOR,risus@enimconsequat.org,Pakistan,0,41,172198,0,27521.88,,199719.88,199719.88,13580.87747,202710.1294,38674.66038
Chester X. Carrillo,WIRE ROPE CABLE MAINTENANCE SUPERVISOR,tempor.erat.neque@ac.com,French Polynesia,1,40,85624.87,66164.73,47839.37,,199628.97,199628.97,9046.18109,515305.4841,37076.82508
Nathaniel P. Stephens,"LIEUTENANT, FIRE DEPARTMENT",Cras.dictum.ultricies@conubia.ca,Guatemala,0,32,123105.02,64525.66,11909.38,,199540.06,199540.06,11398.82486,572037.8859,37947.85125
Jennifer C. Williamson,"LIEUTENANT, FIRE DEPARTMENT",rutrum@fermentumconvallisligula.ca,Paraguay,0,54,123105.05,59699.72,16693.53,,199498.3,199498.3,11212.43791,229070.5491,41320.07256
Rae C. Hodge,SENIOR PHYSICIAN SPECIALIST,lacus@massaSuspendisse.ca,Kiribati,0,55,173453.3,0,26017.99,,199471.29,199471.29,9644.41026,779143.6005,66888.93694
Urielle M. Contreras,FIREFIGHTER,elit.Aliquam.auctor@dolor.org,Bolivia,0,35,105934.66,75817.75,17540.56,,199292.97,199292.97,8570.611562,211168.6293,12536.93842
Mechelle W. Stanton,POLICE OFFICER III,Pellentesque.habitant@auctorquistristique.org,Saint Barthélemy,0,46,112401.06,45977.26,40829.52,,199207.84,199207.84,5055.43571,438491.876,39549.13039
Leila F. Hubbard,FIREFIGHTER,ultrices.posuere.cubilia@magnisdis.com,Samoa,1,45,105934.65,76012.89,17180.05,,199127.59,199127.59,11315.59626,521404.2386,52709.08196
Tanisha H. Foster,TRANSIT SUPERVISOR,sem.vitae@malesuadafringillaest.net,Andorra,0,50,88400.7,107913.65,2713.83,,199028.18,199028.18,8501.49728,811594.0392,53502.97742
Hammett F. Marsh,CAPTAIN III (POLICE DEPARTMENT),tempus.scelerisque@maurisaliquam.ca,Iraq,1,54,188341.6,0,10542.72,,198884.32,198884.32,9822.426192,552454.0263,52116.90791
Calvin A. Lancaster,FIREFIGHTER,ante.bibendum.ullamcorper@fringilla.net,South Africa,1,29,105934.66,73625.33,19217.48,,198777.47,198777.47,6354.833826,613104.784,38705.65839
Rachel H. Ballard,ELECTRICAL TRANSIT SYSTEM MECHANIC,ipsum.leo.elementum@amet.org,Saint Vincent and The Grenadines,1,56,77580.41,113729.55,7308.25,,198618.21,198618.21,14300.12614,202576.6196,48025.02542
Solomon P. Randolph,CAPTAIN III (POLICE DEPARTMENT),orci.luctus.et@lacus.com,Argentina,0,54,188341.6,0,10125.04,,198466.64,198466.64,6913.05683,397700.1404,59483.91183
Kasimir Q. Cherry,"INSPECTOR, BUREAU OF FIRE PREVENTION AND PUBLIC SA",risus@in.net,Andorra,0,33,126968.08,1706.08,69787.98,,198462.14,198462.14,8907.661779,505897.3041,35911.64559
Dominic I. Faulkner,FIREFIGHTER,pharetra.Nam@sociisnatoque.org,Tonga,0,48,105934.66,70730.5,21611.32,,198276.48,198276.48,8774.069514,210573.7042,41034.28343
Pascale I. Key,FIRE FIGHTER PARAMEDIC,urna.suscipit@enim.ca,Equatorial Guinea,0,49,122404.96,60981.91,14860.06,,198246.93,198246.93,12848.20061,581620.4824,51730.17434
Nola L. Sweeney,FIRE FIGHTER PARAMEDIC,eu@necmaurisblandit.co.uk,Solomon Islands,0,55,122404.98,67825.92,7933.55,,198164.45,198164.45,8732.143355,481513.5074,53021.86074
Clementine X. Powell,PUBLIC DEFENDER,quis.pede@Aliquamfringilla.ca,Papua New Guinea,0,42,198027.44,0,0,,198027.44,198027.44,6932.950306,371355.6935,32828.03477
Quinlan U. Sears,"LIEUTENANT, FIRE DEPARTMENT",magna@velarcueu.ca,Canada,1,41,123105.02,67514.41,7386.3,,198005.73,198005.73,5841.612044,136346.3069,29417.64694
Odette Q. Sherman,CAPTAIN III (POLICE DEPARTMENT),Mauris.molestie@Intincidunt.co.uk,Sierra Leone,1,53,188341.62,2886.03,6646.21,,197873.86,197873.86,11498.03993,679435.1745,57461.51158
Kirestin F. Yang,LIEUTENANT III (POLICE DEPARTMENT),eleifend.egestas.Sed@tempus.net,South Africa,1,53,149044.41,35620.45,13162.31,,197827.17,197827.17,4975.144559,793986.6155,50441.62427
Colleen S. Mcguire,TRANSIT SUPERVISOR,tincidunt@Proinsedturpis.edu,Grenada,0,44,89930.37,104568.19,3312.11,,197810.67,197810.67,3932.838165,353929.5495,41575.34739
Dennis N. Thompson,DEPUTY DIRECTOR V,vitae.erat@urnaNullamlobortis.ca,Guatemala,0,42,185724.5,0,12000,,197724.5,197724.5,6619.929677,630411.2698,46412.47781
Lester J. Burch,"LIEUTENANT, FIRE DEPARTMENT",Nunc.mauris@commodo.com,Turkmenistan,0,41,128569.01,49853.04,19031.08,,197453.13,197453.13,3066.939924,491904.1899,47610.11718
Madeson R. Salinas,"INSPECTOR III, (POLICE DEPARTMENT)",Cum.sociis.natoque@acnullaIn.edu,"Bonaire, Sint Eustatius and Saba",0,48,130466.59,44651.56,22315.92,,197434.07,197434.07,13701.79986,819002.1748,70878.29664
Abigail X. Lindsey,"INSPECTOR III, (POLICE DEPARTMENT)",dui@nondui.ca,Croatia,0,63,130481.57,39489.61,27451.83,,197423.01,197423.01,640.045378,626163.832,55543.38497
Rachel E. Suarez,NURSING SUPERVISOR,non.vestibulum.nec@euturpis.co.uk,Guam,1,59,190243.46,0,7105.58,,197349.04,197349.04,7949.463649,239217.6732,53848.7555
Derek X. Richards,SUPERVISING PHYSICIAN SPECIALIST,tincidunt@porttitor.com,Croatia,1,45,192379.6,0,4891,,197270.6,197270.6,9691.23462,221290.9818,39904.81613
Evangeline G. Cooper,SHERIFF,Integer.id.magna@Sedidrisus.org,Saint Barthélemy,1,47,197233.84,0,0,,197233.84,197233.84,6988.652757,222341.0342,44736.41097
Kieran G. Justice,FIREFIGHTER,in@Sed.co.uk,Samoa,1,49,105934.65,68438.92,22759.89,,197133.46,197133.46,13851.11162,266765.477,46937.17422
Zenia H. Patel,FIREFIGHTER,dis@tortor.com,Puerto Rico,1,40,113695.71,69419.29,14017.12,,197132.12,197132.12,12186.02793,159727.8753,28440.81268
Michelle R. Burke,CAPTAIN III (POLICE DEPARTMENT),dui@justo.ca,Mauritania,1,41,195975.32,0,917.32,,196892.64,196892.64,3331.304747,392177.789,38148.00163
Florence U. Hunter,NURSE MANAGER,diam@tellus.org,Ethiopia,0,47,171071.36,7606.83,18210.2,,196888.39,196888.39,10881.90102,587858.6295,42747.53925
Jelani A. Wall,CHIEF ATTORNEY I (CIVIL & CRIMINAL),aliquet@Duisa.co.uk,Brazil,0,27,196886.55,0,0,,196886.55,196886.55,10888.93494,606851.1696,29670.83337
"England, Abel D.",CHIEF ATTORNEY I (CIVIL & CRIMINAL),enim.commodo@parturientmontesnascetur.org,Åland Islands,1,46,196886.55,0,0,,196886.55,196886.55,7525.252104,684273.5913,63038.20422
"Oconnor, Linus Q.",FIREFIGHTER,Donec.elementum@Fuscemilorem.co.uk,Mayotte,0,51,105934.65,73178.82,17569.48,,196682.95,196682.95,1065.607589,577272.6805,63248.76188
"Herman, Griffith P.",FIREFIGHTER,ligula.Nullam.enim@nibhlacinia.edu,Liechtenstein,0,43,108947.02,61158.6,26499.88,,196605.5,196605.5,10877.69223,225670.1288,42321.56548
"Knapp, Quamar P.",POLICE OFFICER III,Maecenas.libero.est@miacmattis.com,El Salvador,0,32,112441.79,15338.11,68766.28,,196546.18,196546.18,8253.583457,625484.0917,44463.30502
"Chambers, Avram C.",CAPTAIN III (POLICE DEPARTMENT),Nunc.pulvinar.arcu@ultricesaauctor.ca,Isle of Man,1,63,194566.01,1109.1,819.03,,196494.14,196494.14,10515.28135,474485.6659,67092.23276
"Cervantes, Rylee Q.",NURSE MANAGER,luctus.lobortis.Class@sitametdapibus.co.uk,Gambia,1,35,161044,0,35429.68,,196473.68,196473.68,7234.672092,275762.4836,22091.11839
"Ashley, Macon Z.",ELECTRONIC MAINTENANCE TECHNICIAN,metus.Vivamus.euismod@arcuVivamus.co.uk,Bosnia and Herzegovina,1,50,99000,85978.1,11408.55,,196386.65,196386.65,6052.844775,579220.0393,40022.17406
"Jimenez, Joel G.",HUMAN RESOURCES DIRECTOR,faucibus.lectus.a@ut.net,Iraq,0,51,196377.99,0,0,,196377.99,196377.99,8632.699007,472761.6208,56071.61377
"Bond, Caryn Y.",FIREFIGHTER,libero.Proin@acnulla.net,Guinea-Bissau,1,54,105934.63,72451.83,17837.79,,196224.25,196224.25,9246.813159,556014.9704,49442.12107
"Gross, Cedric D.",POLICE OFFICER III,aliquam.adipiscing@maurissapien.edu,Bhutan,0,37,112401.07,23572.29,60183.94,,196157.3,196157.3,12710.00309,315058.7167,42497.72862
"Dyer, Aline L.","LIEUTENANT, FIRE DEPARTMENT",convallis@scelerisque.net,Maldives,0,44,123105.03,50298.75,22721.82,,196125.6,196125.6,11033.16277,149761.1281,37084.77621
"Rivers, Sonya A.",ELECTRICAL TRANSIT SYSTEM MECHANIC,vel.lectus@Praesent.net,India,1,57,78949.19,102454.79,14718.05,,196122.03,196122.03,5235.7599,497876.2478,51866.48719
"Frazier, Kai O.","LIEUTENANT, FIRE DEPARTMENT",Cras@quamelementum.com,Liechtenstein,0,47,123105,58270.63,14738.61,,196114.24,196114.24,14309.21115,364858.7148,35716.31133
"Bond, Nyssa S.","BATTALION CHIEF, (FIRE DEPARTMENT)",fringilla.euismod.enim@aauctornon.net,Bolivia,0,52,168692.65,0,27291.01,,195983.66,195983.66,11492.74174,579059.3132,39892.93343
"Rush, Jarrod T.",SUPERVISING PHYSICIAN SPECIALIST,vestibulum.nec.euismod@netusetmalesuada.ca,Mongolia,1,52,184805.62,0,11124,,195929.62,195929.62,11932.73881,69821.6376,35781.16156
"Stephens, Tanner E.","CAPTAIN, FIRE SUPPRESSION",egestas@turpisnecmauris.com,Mozambique,0,48,140546.89,31841.33,23479.99,,195868.21,195868.21,7880.423663,244188.0008,42866.21274
"Cameron, Kimberley P.",DEPUTY DIRECTOR V,nec.tellus@lacinia.co.uk,Namibia,1,55,185724.5,0,10000,,195724.5,195724.5,9874.075327,1000000,80000
"Mcdowell, Victoria J.",DEPUTY DIRECTOR II - MUNICIPAL TRANSPORTATION AG,risus.Duis@ornareFuscemollis.net,Trinidad and Tobago,0,47,195256.1,0,408,,195664.1,195664.1,11132.39299,765711.6025,60526.97788
"Dalton, Grant D.",FIREFIGHTER,velit@doloregestas.net,Moldova,1,45,105934.64,72308.94,17411.01,,195654.59,195654.59,9317.22195,493592.1764,59758.73247
"Gregory, Reuben Z.","CAPTAIN, FIRE SUPPRESSION",fermentum@blanditviverra.ca,Martinique,1,40,140546.88,37549.62,17542.28,,195638.78,195638.78,6718.857016,305253.2658,39606.24598
"Schultz, Lee I.",CAPTAIN III (POLICE DEPARTMENT),velit.eget.laoreet@quis.ca,Algeria,1,47,188314.5,0,7310.63,,195625.13,195625.13,8767.783547,787984.2882,58641.71051
"Wise, Mechelle E.",FIREFIGHTER,est.mollis@dui.ca,Mauritius,0,45,105934.66,73298.91,16278.33,,195511.9,195511.9,11148.10325,427287.6277,52983.89411
"Mcclure, Avye L.",ANESTHETIST,dictum@lorem.org,Israel,1,49,189841.6,444.6,5213.4,,195499.6,195499.6,7404.080751,521815.7353,50666.88173
"Livingston, Blaze Y.",TRANSIT SUPERVISOR,montes.nascetur@liberoet.co.uk,Serbia,0,60,86410.84,101652.14,7436.03,,195499.01,195499.01,12788.81573,622324.7499,59625.02618
"Fuentes, Dora E.",FIREFIGHTER,nonummy@ornareelitelit.org,Sierra Leone,0,34,105934.69,73130.52,16406.95,,195472.16,195472.16,9344.32377,290711.867,22630.25982
"Thompson, Alvin R.","LIEUTENANT, FIRE DEPARTMENT",interdum.ligula@Phasellus.edu,Iraq,0,36,123104.99,48977.36,23341.17,,195423.52,195423.52,7666.5303,516738.1724,41137.89459
"Armstrong, Hedda N.",FIREFIGHTER,magnis.dis@aliquam.org,Equatorial Guinea,0,51,105934.64,69602.62,19832.9,,195370.16,195370.16,11554.2723,542777.4892,53496.48183
"Casey, Sylvia E.",SERGEANT III (POLICE DEPARTMENT),Integer.vitae.nibh@a.org,Tanzania,0,42,135339.78,16309.92,43704.98,,195354.68,195354.68,10394.57246,398011.5804,36543.93642
"Shaw, Rooney Q.","BATTALION CHIEF, (FIRE DEPARTMENT)",Curabitur.vel@Nullam.net,Mayotte,0,48,168713.21,12663.63,13913.92,,195290.76,195290.76,11312.51035,642335.1021,43503.97349
"Sexton, Shaeleigh H.",NURSE MANAGER,Cras.convallis.convallis@Fuscealiquam.net,Niue,1,35,171236,0,24038.9,,195274.9,195274.9,8828.164449,719846.9824,31146.71078
"Langley, Skyler J.","LIEUTENANT, FIRE DEPARTMENT",mi.eleifend.egestas@cursuset.net,Austria,1,44,137709.85,44327.76,13194.76,,195232.37,195232.37,9245.466786,374777.6929,31526.04931
"Caldwell, Yolanda F.",FIREFIGHTER,ac.facilisis.facilisis@necmalesuada.com,Czech Republic,0,48,105934.65,71448.55,17839.48,,195222.68,195222.68,7514.393035,160487.0006,31083.70271
"Olson, Riley O.",DEPUTY DIRECTOR V,ornare.sagittis@hendrerit.ca,Bouvet Island,1,47,195121.53,0,0,,195121.53,195121.53,8511.814921,356213.0776,45366.35963
"Irwin, Dillon J.","INVESTIGATOR, BUREAU OF FIRE INVESTIGATION",arcu@dictummiac.edu,Tokelau,0,31,126857.54,34841.75,33361.56,,195060.85,195060.85,10755.50842,615720.0425,25252.93221
"Terry, Mollie K.",ASSISTANT CHIEF ATTORNEY II,quam.dignissim.pharetra@aauctornon.ca,Greenland,1,45,194980.11,0,0,,194980.11,194980.11,9050.284083,414034.6096,39888.59789
"Hudson, Maxwell F.",ASSISTANT CHIEF ATTORNEY II,metus.eu.erat@non.org,Guernsey,0,49,194980.1,0,0,,194980.1,194980.1,11633.95265,521061.1115,52240.72866
"Levy, Irma P.",ASSISTANT CHIEF ATTORNEY II,lacus.varius@sitamet.ca,Saint Kitts and Nevis,0,61,194980.09,0,0,,194980.09,194980.09,12254.53943,59630.07789,39911.6116
"Brady, Oscar Y.","CAPTAIN, EMERGENCYCY MEDICAL SERVICES",erat@urnaUttincidunt.com,Rwanda,0,51,140370.59,45903.66,8609.1,,194883.35,194883.35,6354.372629,169714.2655,45857.75365
"Dudley, Ryder M.",SUPERVISING PHYSICIAN SPECIALIST,sed@sedtortor.co.uk,Falkland Islands,1,35,192379.6,0,2484,,194863.6,194863.6,8851.564939,385250.7163,30826.10903
"Morales, Halla M.",SERGEANT III (POLICE DEPARTMENT),elit.elit.fermentum@erosturpisnon.org,United States Minor Outlying Islands,0,53,130481.52,25861.6,38477.41,,194820.53,194820.53,8527.034281,454791.7251,39422.79389
"Holloway, Brennan Q.","LIEUTENANT, BUREAU OF FIRE PREVENTION AND PUBLIC S",fringilla.purus.mauris@risusatfringilla.ca,Morocco,1,42,145835.82,12062.79,36872.29,,194770.9,194770.9,11397.68601,188327.5831,34678.83226
"Powers, Naomi B.","LIEUTENANT, FIRE DEPARTMENT",Cras.eu@vitaevelitegestas.net,Samoa,1,39,113021.59,58660.17,23043.77,,194725.53,194725.53,5397.031602,322891.7787,23517.91983
"Armstrong, Naomi D.",SERGEANT III (POLICE DEPARTMENT),nunc.sed.pede@Quisqueporttitor.net,Colombia,1,38,130481.55,14379.84,49657.86,,194519.25,194519.25,4679.441732,375654.1472,28733.68779
"Flores, Caldwell U.",FIREFIGHTER,ut@Etiamvestibulum.ca,Western Sahara,0,41,105934.66,71373.32,16994.89,,194302.87,194302.87,5404.397644,515717.7476,59096.26978
"Russo, Fleur N.",SUPERVISING PHYSICIAN SPECIALIST,erat@at.edu,Kuwait,0,44,180356.1,0,13932,,194288.1,194288.1,7765.975483,555993.1081,50188.86612
"Reese, Sylvia H.","CAPTAIN, FIRE SUPPRESSION",Proin.nisl.sem@Maecenasmalesuada.co.uk,Turks and Caicos Islands,1,43,140546.88,20673.41,33033.7,,194253.99,194253.99,14435.74305,411932.8191,35659.12237
"Burke, Simon H.",FIREFIGHTER,lacinia@Nullam.com,Morocco,1,39,105934.69,70312.13,17938.07,,194184.89,194184.89,7557.657205,854283.5574,46398.35204
"Mayer, Paki D.",DEPUTY DIRECTOR IV,Nunc.lectus.pede@egestasrhoncus.com,Somalia,0,33,180612.83,0,13566.18,,194179.01,194179.01,8203.56263,537572.1338,32291.18978
"Bush, Jessica C.",DEPUTY DIRECTOR III,dolor.sit.amet@iaculisneceleifend.ca,Micronesia,0,47,179860.39,0,14216.14,,194076.53,194076.53,7946.435929,685541.6501,49079.29461
"West, April J.",CAPTAIN III (POLICE DEPARTMENT),ante@nisi.org,Marshall Islands,0,45,188341.62,1131.28,4586.65,,194059.55,194059.55,3730.11972,608019.6308,49348.88394
"Levy, Wesley S.",FIREFIGHTER,facilisis.vitae.orci@sociosquad.co.uk,Dominican Republic,1,51,105934.65,71837.3,16158.29,,193930.24,193930.24,13224.45167,192514.6431,41427.59797
"Nieves, Bertha O.",SUPERVISING PHYSICIAN SPECIALIST,dolor@velitegestas.org,American Samoa,0,42,189350,0,4567,,193917,193917,15283.41752,320834.0102,24221.99937
"Patrick, Merritt L.",LIEUTENANT III (POLICE DEPARTMENT),ut@nonummyut.net,United Kingdom (Great Britain),0,55,153932.54,21953.42,18028.73,,193914.69,193914.69,6515.336778,228434.0508,44424.07681
"Mcdaniel, Marcia Z.",PHARMACIST,non.nisi.Aenean@etmagnis.co.uk,Armenia,1,62,132224.22,40592.45,21086.11,,193902.78,193902.78,9560.448204,401916.0981,60390.06616
"Ortiz, Drew P.",POLICE OFFICER III,tincidunt@vel.edu,Seychelles,0,52,112421.46,16452.52,64972.13,,193846.11,193846.11,11521.6189,475263.2759,42793.9932
"Oneill, Tiger A.",NURSING SUPERVISOR,orci.Phasellus@ut.org,Maldives,0,51,129148.5,0,64687.4,,193835.9,193835.9,12124.82386,187821.0958,46935.72774
"Sims, Tashya J.",FIREFIGHTER,aliquam@anteNuncmauris.ca,Latvia,1,63,104073.4,73036.51,16725.49,,193835.4,193835.4,8765.624109,408679.8596,58667.06865
"Lawrence, Hope Z.",FIREFIGHTER,metus.vitae@Morbisitamet.ca,Switzerland,1,46,105934.64,67825.38,19907.17,,193667.19,193667.19,15647.35449,388898.069,38042.80065
"Jenkins, Hasad P.",FIREFIGHTER,adipiscing.elit.Aliquam@Utsagittislobortis.co.uk,Saint Martin,1,47,105934.68,70824.16,16879.59,,193638.43,193638.43,9625.399586,377424.6157,39270.57909
"Rodriguez, Basia D.",FIRE FIGHTER PARAMEDIC,Vestibulum@lobortis.org,Senegal,0,58,122404.97,55004.96,16199.59,,193609.52,193609.52,11054.27478,236420.9695,54606.18769
"Blair, Abra U.","LIEUTENANT, FIRE DEPARTMENT",montes@Loremipsum.edu,Belize,1,37,123104.98,54870.85,15365.22,,193341.05,193341.05,9384.067625,366327.7432,39083.94268
"Rosario, Elijah N.","LIEUTENANT, BUREAU OF FIRE PREVENTION AND PUBLIC S",In@non.com,Grenada,1,51,158603.62,0,34724.71,,193328.33,193328.33,10359.17579,253181.9789,47984.12043
"Beach, Victor S.",NURSING SUPERVISOR,consequat.auctor@lacuspede.co.uk,Chile,0,36,183040,0,10250.24,,193290.24,193290.24,10274.13558,551344.3365,46082.80993
"Ruiz, Rafael L.",POLICE OFFICER III,sed.pede@volutpatNulladignissim.net,Uruguay,1,32,112441.83,14869.56,65955.32,,193266.71,193266.71,10693.88704,549212.4268,30964.07804
"Macdonald, Rahim B.",NURSE MANAGER,augue.eu@nisi.edu,South Georgia and The South Sandwich Islands,1,32,164711,0,28384.07,,193095.07,193095.07,11518.29175,589180.4485,35726.95299
"Valdez, Joy U.",DEPUTY SHERIFF,lobortis.quam@velarcueu.org,Guinea,1,43,86840,94362.36,11849.25,,193051.61,193051.61,15458.68867,600685.1915,49065.1634
"Watson, Moana M.",FIREFIGHTER,ipsum.Suspendisse@diamDuismi.org,Afghanistan,0,51,105934.64,69005.06,18041.28,,192980.98,192980.98,9596.513091,27888.74525,48955.85816
"Cote, Evangeline F.",CAPTAIN III (POLICE DEPARTMENT),lorem.tristique.aliquet@estNunclaoreet.net,Belgium,1,43,188341.62,0,4609.75,,192951.37,192951.37,7275.314728,432447.5324,37183.10293
"Delgado, Jasper U.",CAPTAIN III (POLICE DEPARTMENT),lacinia@posuere.ca,Isle of Man,1,58,188341.64,0,4586.67,,192928.31,192928.31,9514.645028,137601.844,46710.52519
"Hardy, Hilary R.",CAPTAIN III (POLICE DEPARTMENT),egestas.Fusce@orciDonecnibh.com,Micronesia,1,49,188341.62,0,4586.66,,192928.28,192928.28,9848.997857,480468.247,52889.56257
"Stafford, Berk Y.",CAPTAIN III (POLICE DEPARTMENT),Quisque@ultriciessem.net,Dominican Republic,0,43,188341.6,0,4586.63,,192928.23,192928.23,10128.1151,62149.94034,29754.66271
"Daugherty, Veda M.",CAPTAIN III (POLICE DEPARTMENT),venenatis.vel.faucibus@iaculisnec.net,Guinea,1,48,188328.08,0,4586.42,,192914.5,192914.5,13148.85597,387538.2487,60960.83428
"Harmon, David N.",CAPTAIN III (POLICE DEPARTMENT),aliquet.diam.Sed@posuere.org,Curaçao,0,40,185342.48,3627.67,3936.6,,192906.75,192906.75,2799.719601,508962.4874,39975.43302
"Houston, Grant O.",LIEUTENANT III (POLICE DEPARTMENT),ut.aliquam@egetlacusMauris.ca,Bermuda,1,35,78918,38068.59,75792.63,,192779.22,192779.22,12664.32052,360457.0496,38545.80328
"Collier, Xerxes Q.",DEPUTY DIRECTOR IV,eu@magnaLorem.org,Lithuania,0,43,192007.49,0,760.4,,192767.89,192767.89,9366.027561,712233.8241,56764.44728
"Lewis, Jackson U.",TRANSIT OPERATIONS SPECIALIST,pellentesque.a.facilisis@nonlacinia.co.uk,Afghanistan,1,57,102990.88,85752.59,3961.68,,192705.15,192705.15,13851.92122,657178.4135,63079.84329
"Smith, Nola H.","CAPTAIN, FIRE SUPPRESSION",orci.lacus.vestibulum@gravidasit.co.uk,Saint Vincent and The Grenadines,1,47,76424.2,0,116244.66,,192668.86,192668.86,2689.317953,856287.1522,55700.83389
"Jensen, Ebony Y.","COMMANDER III, (POLICE DEPARTMENT)",ac@sagittisNullam.net,Portugal,0,32,182135.01,9688.59,841.15,,192664.75,192664.75,8511.835275,528087.5277,36367.18452
"Kim, Claudia W.","INSPECTOR III, (POLICE DEPARTMENT)",sit.amet@dignissimmagnaa.edu,Macao,0,44,130466.61,30544.79,31574.4,,192585.8,192585.8,16146.77016,749016.565,52477.83479
"Livingston, Lucas K.","LIEUTENANT, FIRE DEPARTMENT",porttitor.scelerisque@Aliquam.ca,Uruguay,0,50,127203.03,47341.24,17982.25,,192526.52,192526.52,11894.4244,290608.3977,50296.67496
"Bradford, Daquan F.",FIREFIGHTER,Nunc@euarcuMorbi.ca,United States,1,44,105934.68,64725.94,21761.55,,192422.17,192422.17,4421.153379,558001.0241,37259.84386
"Park, Quincy A.",SUPERVISING PHYSICIAN SPECIALIST,amet.consectetuer@orciinconsequat.ca,Antarctica,0,57,192379.6,0,0,,192379.6,192379.6,7009.186038,173272.8954,47715.96049
"Dillon, Lynn W.",SUPERVISING PHYSICIAN SPECIALIST,ornare.egestas.ligula@urnaVivamusmolestie.com,Western Sahara,0,35,192379.6,0,0,,192379.6,192379.6,9221.265417,457116.1945,29540.87013
"Blackburn, Joel Y.",SUPERVISING PHYSICIAN SPECIALIST,semper@tristique.co.uk,"Korea, South",1,53,192379.6,0,0,,192379.6,192379.6,7925.059589,545125.9592,60567.18837
"Sanders, Selma F.",SUPERVISING PHYSICIAN SPECIALIST,velit.Pellentesque@Nullam.org,Syria,1,41,192379.6,0,0,,192379.6,192379.6,10342.60917,447393.4883,36125.48846
"Solis, Melissa T.",FIRE FIGHTER PARAMEDIC,placerat.eget@placeratorcilacus.com,Saint Vincent and The Grenadines,0,44,122404.99,54524.26,15277.88,,192207.13,192207.13,6139.387823,674190.6949,57303.87131
"Holmes, Ross Y.",DEPUTY DIRECTOR IV,velit@Pellentesquetincidunttempus.net,Bulgaria,1,63,192183.91,0,0,,192183.91,192183.91,9611.317626,255285.4063,51922.07691
"Sutton, Michelle D.",ELECTRICAL TRANSIT SYSTEM MECHANIC,enim.Mauris@Namac.net,Madagascar,0,50,77580.4,106701.58,7859.19,,192141.17,192141.17,10340.30041,128387.9293,35848.82935
"Munoz, Kennedy K.","LIEUTENANT, FIRE DEPARTMENT",dolor@nislelementumpurus.edu,Bouvet Island,1,42,123105,60744.73,8255.82,,192105.55,192105.55,7094.827,321431.279,42704.3221
"Little, Hayley R.",FIREFIGHTER,nunc.est@purusmaurisa.co.uk,Cayman Islands,1,41,105934.67,70333.26,15824.19,,192092.12,192092.12,11620.1079,627086.6563,55174.98946
"Church, Lareina E.",INCIDENT SUPPORT SPECIALIST,lectus.rutrum.urna@nisinibh.co.uk,Honduras,0,40,61232,29440.91,101385.37,,192058.28,192058.28,7840.293189,281690.8431,26599.90843
"Wolf, Tashya X.",DEPARTMENT HEAD III,nulla.Integer.vulputate@eutelluseu.edu,Anguilla,1,40,192022.73,0,0,,192022.73,192022.73,3854.733177,762832.2606,53993.44322
"Barr, Hyatt D.","CAPTAIN, FIRE SUPPRESSION",sem@odiovel.edu,Mexico,1,56,140441.86,33587.61,17740.91,,191770.38,191770.38,11652.2729,595028.8431,47970.76767
"Hopper, Orson W.",FIREFIGHTER,luctus@magnaseddui.net,Tunisia,1,48,104818.76,74925.98,11868.5,,191613.24,191613.24,10175.74457,466128.9118,43641.65727
"Decker, Jolie T.",DEPUTY DIRECTOR IV,pellentesque.massa.lobortis@facilisis.net,Kyrgyzstan,1,41,188218.38,0,3337.83,,191556.21,191556.21,11715.3714,416748.7309,41679.7929
"Chaney, Reuben I.",NURSE MANAGER,Integer@vulputate.net,Saint Pierre and Miquelon,0,61,171374.32,2173.38,17980.94,,191528.64,191528.64,11211.99502,660897.0146,63140.05082
"Ross, Kermit D.",MANAGER VIII,Donec@lacusQuisquepurus.net,Australia,1,35,181522.51,0,10000,,191522.51,191522.51,9913.194941,291897.4057,30757.65726
"Hampton, Venus Q.",CAPTAIN III (POLICE DEPARTMENT),elit@faucibusMorbivehicula.net,Guadeloupe,0,55,188341.6,1109.1,1954.26,,191404.96,191404.96,3093.707686,724025.4097,65592.22012
"Chavez, Ralph U.",POLICE OFFICER III,Aenean@interdum.edu,Tuvalu,0,37,89873.18,29069.09,72405.76,,191348.03,191348.03,10462.35581,388284.2974,37871.7082
"Whitaker, Adena B.","CHIEF PROBATION OFFICER, JUVENILE COURT",pharetra.sed.hendrerit@accumsanneque.com,Equatorial Guinea,0,48,191319.45,0,0,,191319.45,191319.45,12967.284,343290.677,42919.5196
Nola,SUPERVISING PHYSICIAN SPECIALIST,elit@Fuscealiquamenim.ca,Montenegro,0,32,191287.06,0,0,,191287.06,191287.06,8133.45931,129635.6343,22599.45863
Melodie,SERGEANT I (POLICE DEPARTMENT),facilisi.Sed@tortordictum.com,"Korea, South",1,62,123169.39,3932.02,64004.25,,191105.66,191105.66,8001.644302,805075.5197,70598.96768
Seth,LIEUTENANT III (POLICE DEPARTMENT),dignissim@nibhPhasellus.com,Turks and Caicos Islands,0,49,149044.41,35055.93,6941.82,,191042.16,191042.16,11863.06428,298920.0067,43242.58224
Kyra,SERGEANT III (POLICE DEPARTMENT),Etiam@diamluctus.org,Portugal,0,43,130457.9,11305.4,49075.6,,190838.9,190838.9,8033.550461,344060.1754,38138.57511
Caldwell,FIREFIGHTER,amet@congue.edu,Iceland,1,36,105934.7,67188.81,17685.42,,190808.93,190808.93,10188.68685,141587.6498,30419.8
Benjamin,DEPARTMENT HEAD III,nisi.Mauris.nulla@vitaeodiosagittis.ca,Faroe Islands,0,61,190739.36,0,0,,190739.36,190739.36,17870.63765,684209.551,63868.94051
Florence,FIREFIGHTER,eros@faucibus.com,"Virgin Islands, British",0,46,105934.64,66708.34,17998.95,,190641.93,190641.93,6332.2019,456524.7944,45112.94547
Oleg,NURSE MANAGER,Aenean.gravida@mifelis.com,Tuvalu,0,57,164035.5,0,26596.23,,190631.73,190631.73,17142.41332,201228.0206,44361.87507
Donovan,DEPUTY DIRECTOR IV,iaculis.odio.Nam@sedfacilisis.org,Saint Vincent and The Grenadines,1,36,190617.54,0,0,,190617.54,190617.54,4981.269146,283241.2769,19525.29827
Blaze,SUPERVISING PHYSICIAN SPECIALIST,vitae.semper.egestas@montesnascetur.co.uk,Costa Rica,0,49,189728.71,0,702,,190430.71,190430.71,5575.323416,266531.2969,49991.60697
Illana,SERGEANT III (POLICE DEPARTMENT),mi.pede.nonummy@euismodetcommodo.org,Bahamas,1,63,130505.2,5990.5,53807.81,,190303.51,190303.51,8061.968487,365862.7818,61731.71426
Yvette,LIEUTENANT III (POLICE DEPARTMENT),justo@pedeCras.ca,Brazil,0,49,149782.11,8133.35,32355.58,,190271.04,190271.04,10916.85532,151946.3089,41769.38288
Walter,DEPARTMENT HEAD III,metus.vitae.velit@CuraePhasellus.co.uk,Antarctica,1,44,190248.76,0,0,,190248.76,190248.76,12087.38116,472403.1231,46402.53583
Dexter,DEPUTY DIRECTOR IV,est.arcu@in.org,Senegal,1,43,190108.91,0,0,,190108.91,190108.91,12878.54582,376886.359,37376.63439
Cameran,FIREFIGHTER,tristique@ligulaAliquam.net,Mauritania,0,48,105934.69,61896,22238.32,,190069.01,190069.01,16449.0665,116407.5289,33766.6413
Penelope,"CAPTAIN, EMERGENCYCY MEDICAL SERVICES",vestibulum@metus.org,Luxembourg,0,37,140564.02,11877.35,37551.97,,189993.34,189993.34,15666.43155,271414.7592,30667.60927
Hyatt,ASSISTANT CHIEF ATTORNEY II,erat.Vivamus@ligula.co.uk,Algeria,1,49,189931.7,0,0,,189931.7,189931.7,12616.45622,237185.1714,52056.41478
Stone,SHERIFF'S SERGEANT,neque.non@iaculisaliquet.edu,Colombia,1,40,106106,69382.3,14442.42,,189930.72,189930.72,1768.874438,630120.001,30736.5798
Irma,NURSE MANAGER,placerat.eget.venenatis@elitpharetraut.edu,Jersey,0,42,161661.6,619.4,27479.77,,189760.77,189760.77,10449.61818,355175.3677,39439.45349
Josiah,FIREFIGHTER,Phasellus@Aliquamadipiscing.co.uk,Bolivia,1,30,118167,51007.74,20541,,189715.74,189715.74,1726.809885,552267.6361,38174.87433
Nathan,"INSPECTOR III, (POLICE DEPARTMENT)",Nam.interdum.enim@et.com,Isle of Man,1,43,130457.95,41304.21,17904.06,,189666.22,189666.22,11602.74297,205006.2161,40589.8625
Stacy,NURSING SUPERVISOR,aliquet.odio@fermentumvel.edu,Belarus,0,55,163644,0,25965.05,,189609.05,189609.05,7122.163863,762601.0836,62028.71192
Kane,"BATTALION CHIEF, (FIRE DEPARTMENT)",iaculis.quis.pede@adipiscingenim.net,Slovakia,0,40,150355.43,9841.56,29403.44,,189600.43,189600.43,9258.181529,482866.5457,48465.27211
Reed,"LIEUTENANT, FIRE DEPARTMENT",diam.nunc@lectusconvallisest.org,Kuwait,1,38,123105.02,51115.99,15365.22,,189586.23,189586.23,7515.152476,297964.2638,40095.0498
Lani,"INVESTIGATOR, BUREAU OF FIRE INVESTIGATION",odio.Phasellus@fringilla.co.uk,Congo (Brazzaville),0,43,126857.59,45929.05,16784.8,,189571.44,189571.44,13786.14942,267555.1178,49568.47685
Curran,"CAPTAIN, EMERGENCYCY MEDICAL SERVICES",risus@Sedmalesuada.net,Tokelau,1,37,140546.88,31454.05,17542.3,,189543.23,189543.23,9057.600508,461366.7829,31408.62631
Rhonda,CAPTAIN III (POLICE DEPARTMENT),Sed.congue.elit@faucibusleo.ca,Hungary,0,41,188341.63,0,915.59,,189257.22,189257.22,7221.667169,365871.4992,47719.47741
Leroy,NURSE MANAGER,arcu.et.pede@Morbinequetellus.org,Mauritania,1,42,171236.09,0,17998.64,,189234.73,189234.73,8009.719809,394229.8972,35784.42411
Adrienne,ELECTRICAL TRANSIT SYSTEM MECHANIC,mauris.Morbi@ligulatortordictum.net,Kyrgyzstan,0,38,76298.77,105953.61,6962.09,,189214.47,189214.47,6512.71102,357468.1866,42905.53815
Aileen,NURSE MANAGER,venenatis.lacus@nuncQuisque.edu,Chile,0,43,171236.01,0,17963.61,,189199.62,189199.62,10827.1614,790116.4252,48516.84335
Rafael,DEPUTY DIRECTOR V,nonummy.Fusce@sem.net,Angola,0,44,186021.06,0,3140.95,,189162.01,189162.01,8042.386734,601744.9607,45593.6849
Olivia,MANAGER VIII,lacus.vestibulum.lorem@gravidaAliquamtincidunt.ca,Grenada,0,41,189061.08,0,0,,189061.08,189061.08,10836.41709,258194.8443,32061.6467
Hiram,"CAPTAIN, FIRE SUPPRESSION",ipsum.non.arcu@placeratorci.com,Belize,0,46,127203.01,45392.98,16445.1,,189041.09,189041.09,7843.402994,392003.2864,32208.37522
Jelani,FIREFIGHTER,consectetuer.adipiscing.elit@vestibulumneceuismod.net,Bangladesh,1,46,103372.26,78258.7,7409.15,,189040.11,189040.11,8282.075073,205439.3663,35475.00344
Madeson,ASSISTANT INSPECTOR (POLICE DEPARTMENT),libero.et@Crasdictum.ca,Christmas Island,1,40,123169.95,45679.84,20149.41,,188999.2,188999.2,6588.606462,228388.5491,29519.56184
Uriah,DEPUTY DIRECTOR IV,molestie@commodoauctorvelit.co.uk,Niger,1,45,188842.42,0,0,,188842.42,188842.42,9064.618618,508555.1592,55420.56668
Brady,"LIEUTENANT, FIRE DEPARTMENT",massa@nec.co.uk,Malta,1,58,123105.01,50096.28,15549,,188750.29,188750.29,8211.34092,421318.9764,42139.64528
Denise,"INSPECTOR III, (POLICE DEPARTMENT)",montes@inconsectetuer.edu,Niue,0,62,130457.8,2881.68,55339.68,,188679.16,188679.16,5761.401538,622569.5959,50539.90169
Lyle,LIEUTENANT III (POLICE DEPARTMENT),nascetur@amet.org,New Caledonia,0,52,149050.77,13727.48,25885.4,,188663.65,188663.65,3923.407178,217188.4056,34922.42846
Victor,DIAGNOSTIC IMAGING TECH II,lectus.a@nonhendreritid.org,Armenia,0,44,103146.49,28702.13,56746.05,,188594.67,188594.67,8542.019129,320525.7282,43898.2733
Demetria,SUPERVISING PHYSICIAN SPECIALIST,Donec.at@sedlibero.net,Slovakia,0,44,188592.6,0,0,,188592.6,188592.6,6885.723977,265717.2542,39135.03023
Ora,DIAGNOSTIC IMAGING TECH III,bibendum.Donec.felis@liberoestcongue.org,Uruguay,1,40,109171.24,25388.04,53970.93,,188530.21,188530.21,19692.91262,601210.2803,41147.46679
Trevor,NURSE MANAGER,Sed@Pellentesquetincidunttempus.edu,Chile,0,33,161044,0,27437.04,,188481.04,188481.04,13141.31969,284155.4155,24134.59205
Kristen,NURSE MANAGER,urna@vitaeodiosagittis.ca,Egypt,1,44,161044,0,27377.5,,188421.5,188421.5,7135.98755,487564.5541,42705.11311
Aristotle,SENIOR PHYSICIAN SPECIALIST,ac@non.com,Namibia,0,42,176314.14,0,12096,,188410.14,188410.14,13629.1104,297540.8814,38901.60925
Camden,FIRE FIGHTER PARAMEDIC,Aliquam.adipiscing.lobortis@loremut.net,Congo (Brazzaville),1,20,122404.98,50720.85,15277.83,,188403.66,188403.66,100,494606.6334,28645.39425
Urielle,NURSE MANAGER,est.congue@Nunc.edu,Canada,0,53,171236.09,0,17123.68,,188359.77,188359.77,6392.211408,245216.1691,52150.41786
Jolene,FIRE FIGHTER PARAMEDIC,erat.neque.non@elit.com,Viet Nam,1,56,122404.97,50976.69,14966.3,,188347.96,188347.96,14438.24233,622831.922,66648.25077
Holly,FIRE FIGHTER PARAMEDIC,accumsan@parturientmontes.net,Micronesia,1,44,122404.97,50649.77,15277.8,,188332.54,188332.54,9911.037592,478428.7174,42909.27129
Wayne,CHIEF ADULT PROBATION OFFICER,molestie.orci@condimentum.com,Cape Verde,1,52,188288.1,0,0,,188288.1,188288.1,10279.91264,314885.1345,49248.10595
Judith,FIREFIGHTER,vel.nisl.Quisque@mollisPhasellus.co.uk,Poland,0,43,105934.65,64386.13,17743.1,,188063.88,188063.88,6478.156506,201636.866,27303.17104
Dennis,MANAGER VI,nunc.nulla.vulputate@dignissimmagnaa.edu,Haiti,1,49,166066.08,0,21993.31,,188059.39,188059.39,3912.385616,419556.6198,47869.82593
Kaitlin,"BATTALION CHIEF, (FIRE DEPARTMENT)",parturient@Nuncsollicitudincommodo.co.uk,French Southern Territories,1,56,148260.81,14803.16,24979.59,,188043.56,188043.56,3942.76762,621309.5863,59984.16361
Harriet,NURSING SUPERVISOR,amet.orci@tellus.net,Mali,0,47,187982.18,0,0,,187982.18,187982.18,4658.41454,507572.635,45271.46081
Tatyana,DEPUTY DIRECTOR V,sem@parturientmontesnascetur.net,Norfolk Island,0,25,187976.14,0,0,,187976.14,187976.14,11380.09288,158758.3577,9000
Paula,TRANSIT SUPERVISOR,Nam@enimmitempor.com,Northern Mariana Islands,1,45,88199.6,97858.62,1803.48,,187861.7,187861.7,7761.848528,505048.7599,46012.10616
Tamekah,DEPARTMENT HEAD III,ut.pharetra@ametultricies.net,Costa Rica,1,46,187855.73,0,0,,187855.73,187855.73,8276.644566,169475.9968,32967.20191
Brandon,"LIEUTENANT, FIRE DEPARTMENT",non@purusaccumsaninterdum.com,Suriname,0,33,127203.01,41809.29,18749.8,,187762.1,187762.1,10814.57915,485563.7363,48785.15839
Veda,"LIEUTENANT, FIRE DEPARTMENT",et.euismod@Duis.co.uk,Luxembourg,1,43,137026.86,33397.36,17246.59,,187670.81,187670.81,9119.791422,400703.2655,45824.5656
Seth,FIRE SAFETY INSPECTOR II,Nulla.aliquet@sedturpisnec.co.uk,Bosnia and Herzegovina,1,48,126968.05,3115.45,57585.87,,187669.37,187669.37,12203.48778,577058.1773,40102.11417
Kai,ELECTRONIC MAINTENANCE TECHNICIAN,velit@molestie.com,Greenland,0,48,99014.4,73696.27,14943.44,,187654.11,187654.11,2524.992105,399437.5235,35457.1486
Piper,"LIEUTENANT, FIRE DEPARTMENT",erat.neque@mattisvelitjusto.org,Malawi,0,40,137399.95,33554.54,16643.23,,187597.72,187597.72,9725.549901,508528.9957,29556.7932
Hillary,FIRE FIGHTER PARAMEDIC,ut.mi.Duis@quisarcu.com,South Sudan,1,39,106441.64,71499.83,9648.25,,187589.72,187589.72,12035.37079,516817.3173,38243.06228
Francis,MANAGER VIII,Phasellus@estcongue.ca,Solomon Islands,0,39,102242.01,0,85231.49,,187473.5,187473.5,10263.14899,556945.8742,44430.63323
Rogan,MAINTENANCE MACHINIST,pulvinar@porttitortellus.ca,Jamaica,1,54,75870.3,103370.89,8216.57,,187457.76,187457.76,8110.946984,177878.1758,51046.42226
Kyle,SERGEANT III (POLICE DEPARTMENT),a.feugiat@enimnisl.com,Papua New Guinea,0,53,130481.51,18014.24,38960.95,,187456.7,187456.7,9592.433147,567842.1267,52570.36517
Vaughan,SERGEANT III (POLICE DEPARTMENT),Aliquam@aaliquet.com,Ukraine,0,51,130457.9,3044.77,53855.93,,187358.6,187358.6,9877.169366,285326.3544,61404.22578
India,SENIOR PHYSICIAN SPECIALIST,risus.at.fringilla@feugiat.ca,Nigeria,0,55,155276.21,0,31931.61,,187207.82,187207.82,10858.02526,218808.7553,28463.64326
Edward,"CAPTAIN, FIRE SUPPRESSION",rutrum.urna@faucibusidlibero.co.uk,Greenland,1,35,140563.98,5283.09,41259.22,,187106.29,187106.29,8837.654857,312927.9187,27586.20078
Laurel,SENIOR PHYSICIAN SPECIALIST,felis@orciconsectetuereuismod.ca,India,0,43,142248.5,0,44767.25,,187015.75,187015.75,8120.204455,515012.2804,47979.48549
Igor,SERGEANT III (POLICE DEPARTMENT),Proin.eget@aliquetnecimperdiet.org,Grenada,0,37,130481.54,35508.55,20947.8,,186937.89,186937.89,5933.177726,517110.9454,28164.86039
Diana,TRANSIT SUPERVISOR,purus.ac.tellus@parturientmontesnascetur.org,Guadeloupe,0,60,90108.62,91422.49,5336.6,,186867.71,186867.71,9072.063059,544291.9504,69669.47402
Todd,LIEUTENANT III (POLICE DEPARTMENT),egestas.a@vel.ca,New Zealand,0,44,149050.76,22203.89,15557.27,,186811.92,186811.92,7839.414396,579640.7982,48052.65091
Zephania,FIRE SAFETY INSPECTOR II,montes@sedsem.ca,Malawi,1,39,126292.58,6236.69,54237.25,,186766.52,186766.52,4931.56016,341330.7344,37364.23474
Brock,FIREFIGHTER,Vivamus.nisi@elitpharetraut.ca,United States Minor Outlying Islands,1,42,105934.66,62776.35,17981.88,,186692.89,186692.89,15149.03426,649323.7878,44500.81936
Avye,"INSPECTOR III, (POLICE DEPARTMENT)",Cras@eros.net,Armenia,0,32,130476.4,40102.94,16067.38,,186646.72,186646.72,11164.52652,301245.7708,35139.24793
Serena,ASSISTANT INSPECTOR III (POLICE DEPARTMENT),odio.Nam@estac.ca,Northern Mariana Islands,1,52,130543.29,31740.87,24346.72,,186630.88,186630.88,6769.181833,557098.9636,55167.37361
Barclay,POLICE OFFICER III,diam.Proin@ut.edu,"Saint Helena, Ascension and Tristan da Cunha",0,56,112421.41,9252.03,64937.87,,186611.31,186611.31,4362.720324,432850.4157,48383.69071
Isabella,DEPUTY DIRECTOR I - MUNICIPAL TRANSPORTATION AGE,et.magnis@necmetus.ca,Turkey,1,41,186541.05,0,0,,186541.05,186541.05,12989.36784,340720.5185,35823.55471
Mia,MARINE ENGINEER OF FIRE BOATS,sed.est@afelisullamcorper.edu,Turkmenistan,1,51,140546.87,28449.31,17542.29,,186538.47,186538.47,6596.01369,266939.1746,36517.70996
Chester,SENIOR PHYSICIAN SPECIALIST,Integer@odioauctor.co.uk,Jamaica,0,58,176050.04,0,10481.51,,186531.55,186531.55,11561.07365,421891.846,53110.88052
Isaac,TRANSIT SUPERVISOR,pretium.aliquet.metus@pretiumneque.com,Saint Kitts and Nevis,0,51,90094.2,91198.76,5219.84,,186512.8,186512.8,9141.668545,531840.3342,53049.44567
Heather,SERGEANT III (POLICE DEPARTMENT),erat.Etiam@elementum.org,Madagascar,1,29,130466.65,26074.89,29954.29,,186495.83,186495.83,10769.75059,276466.6203,21471.11367
Justine,FIREFIGHTER,orci.adipiscing@penatibuset.com,Venezuela,1,53,105934.66,62854.45,17702.71,,186491.82,186491.82,14297.25366,247421.9185,45015.67953
Bert,"INSPECTOR III, (POLICE DEPARTMENT)",sem.Pellentesque@quis.net,Israel,0,43,130481.5,37935.71,18026.19,,186443.4,186443.4,10373.00856,620355.2658,55377.87697
Gil,"INSPECTOR III, (POLICE DEPARTMENT)",Phasellus.fermentum@dictumplacerataugue.net,France,0,62,130505.19,33859.27,22045.83,,186410.29,186410.29,16978.52745,360787.6401,56510.13294
Dolan,"LIEUTENANT, FIRE DEPARTMENT",ipsum.Phasellus@egestasblanditNam.edu,Yemen,1,60,126732.39,44586.06,15058.44,,186376.89,186376.89,8769.290288,571245.3714,47443.74443
Cheryl,"INSPECTOR III, (POLICE DEPARTMENT)",iaculis.enim@nislelementum.edu,Indonesia,1,37,130466.6,28591.77,27311.59,,186369.96,186369.96,8611.468093,522814.817,41489.64123
Courtney,"CAPTAIN, FIRE SUPPRESSION",porttitor.tellus@elitelit.org,Malaysia,0,43,77301.9,6342.63,102724.32,,186368.85,186368.85,893.2353408,347177.8367,32553.53423
Neville,"DIRECTOR, EMPLOYEE RELATIONS DIVISION",felis.Nulla@mi.ca,Mauritania,0,42,186341.79,0,0,,186341.79,186341.79,594.8049491,497197.264,41984.62412
Gloria,FIREFIGHTER,Curabitur.egestas.nunc@fermentumfermentum.ca,Gambia,0,55,105934.64,63019.63,17342.94,,186297.21,186297.21,6924.106833,664862.0102,59538.40327
Jonah,LIEUTENANT III (POLICE DEPARTMENT),augue@risusNuncac.co.uk,Myanmar,1,46,149044.77,34003.88,3183.09,,186231.74,186231.74,10711.44472,316128.4002,41352.47071
Merrill,NURSE MANAGER,dolor.sit@turpisIn.com,Egypt,1,50,171044.1,0,15147.84,,186191.94,186191.94,10072.48298,294506.0844,52785.16947
Nolan,"CAPTAIN, FIRE SUPPRESSION",Donec.at@neccursus.co.uk,Latvia,0,55,129252.01,30839.74,26013.27,,186105.02,186105.02,9831.184792,523680.7699,60117.67886
Winter,FIREFIGHTER,egestas.urna.justo@maurissagittis.edu,Wallis and Futuna,0,43,105934.64,62182.73,17958.55,,186075.92,186075.92,13308.87932,349588.5608,47760.66427
Rigel,"LIEUTENANT, FIRE DEPARTMENT",egestas.blandit.Nam@semvitaealiquam.com,Sao Tome and Principe,0,52,123013,47172.46,15863.95,,186049.41,186049.41,6736.75168,665099.139,64188.26862
Walter,TRANSIT SUPERVISOR,ligula@Cumsociis.ca,Nepal,0,41,87384.6,97729.16,837.79,,185951.55,185951.55,6995.902524,541670.1016,48901.44342
Vanna,"LIEUTENANT, FIRE DEPARTMENT",Cum.sociis.natoque@Sedmolestie.edu,Zimbabwe,1,38,123105,38790.92,23865,,185760.92,185760.92,12301.45679,360419.0988,31491.41457
Pearl,DEPUTY DIRECTOR V,penatibus.et@massanonante.com,Philippines,1,54,185724.5,0,0,,185724.5,185724.5,10611.60686,764531.3203,64147.28888
Nell,MANAGER VIII,Quisque.varius@arcuVivamussit.net,Botswana,1,59,185724.5,0,0,,185724.5,185724.5,14013.03451,337826.6382,45442.15353
Marla,DEPUTY DIRECTOR V,Camaron.marla@hotmail.com,marlal,1,47,185724.5,0,0,,185724.5,185724.5,9391.341628,462946.4924,45107.22566
